Airline,Airline ID,Source Airport,Source Airport ID,Destination Airport,Destination Airport ID,
2B,410,AER,2965,KZN,2990,CR2
2B,410,ASF,2966,KZN,2990,CR2
2B,410,ASF,2966,MRV,2962,CR2
2B,410,CEK,2968,KZN,2990,CR2
2B,410,CEK,2968,OVB,4078,CR2
2B,410,DME,4029,KZN,2990,CR2
2B,410,DME,4029,NBC,6969,CR2
2B,410,DME,4029,TGK,6520,CR2
2B,410,DME,4029,UUA,6160,CR2
2B,410,EGO,6156,KGD,2952,CR2
2B,410,EGO,6156,KZN,2990,CR2
2B,410,GYD,2922,NBC,6969,CR2
2B,410,KGD,2952,EGO,6156,CR2
2B,410,KZN,2990,AER,2965,CR2
2B,410,KZN,2990,ASF,2966,CR2
2B,410,KZN,2990,CEK,2968,CR2
2B,410,KZN,2990,DME,4029,CR2
2B,410,KZN,2990,EGO,6156,CR2
2B,410,KZN,2990,LED,2948,CR2
2B,410,KZN,2990,SVX,2975,CR2
2B,410,LED,2948,KZN,2990,CR2
2B,410,LED,2948,NBC,6969,CR2
2B,410,LED,2948,UUA,6160,CR2
2B,410,MRV,2962,ASF,2966,CR2
2B,410,NBC,6969,DME,4029,CR2
2B,410,NBC,6969,GYD,2922,CR2
2B,410,NBC,6969,LED,2948,CR2
2B,410,NBC,6969,SVX,2975,CR2
2B,410,NJC,2972,SVX,2975,CR2
2B,410,NJC,2972,UUA,6160,CR2
2B,410,NUX,4364,SVX,2975,CR2
2B,410,OVB,4078,CEK,2968,CR2
2B,410,OVB,4078,SVX,2975,CR2
2B,410,SVX,2975,KZN,2990,CR2
2B,410,SVX,2975,NBC,6969,CR2
2B,410,SVX,2975,NJC,2972,CR2
2B,410,SVX,2975,NUX,4364,CR2
2B,410,SVX,2975,OVB,4078,CR2
2B,410,TGK,\N,DME,4029,CR2
2B,410,UUA,6160,DME,4029,CR2
2B,410,UUA,6160,LED,2948,CR2
2B,410,UUA,6160,NJC,2972,CR2
2G,1654,BTK,2936,IKT,2937,A81
2G,1654,BTK,2936,OVB,4078,A81
2G,1654,CEK,2968,OVB,4078,A81
2G,1654,HTA,2935,IKT,2937,AN4
2G,1654,IKT,2937,BTK,2936,A81
2G,1654,IKT,2937,HTA,2935,AN4
2G,1654,IKT,2937,KCK,\N,AN4
2G,1654,IKT,2937,ODO,8944,AN4
2G,1654,IKT,2937,OVB,4078,A81
2G,1654,IKT,2937,UKX,6924,AN4
2G,1654,IKT,2937,ULK,9026,AN4
2G,1654,IKT,2937,YKS,2923,A81
2G,1654,KCK,\N,IKT,2937,AN4
2G,1654,MJZ,2925,OVB,4078,A81
2G,1654,ODO,8944,IKT,2937,AN4
2G,1654,OVB,4078,BTK,2936,A81
2G,1654,OVB,4078,CEK,2968,A81
2G,1654,OVB,4078,IKT,2937,A81
2G,1654,UKX,6924,IKT,2937,AN4
2G,1654,ULK,9026,IKT,2937,AN4
2G,1654,YKS,2923,IKT,2937,A81
2I,8359,AYP,2786,LIM,2789,142
2I,8359,CUZ,2812,LIM,2789,142 141
2I,8359,CUZ,2812,PEM,2808,142
2I,8359,HUU,6067,LIM,2789,141
2I,8359,IQT,2801,PCL,2781,143
2I,8359,IQT,2801,TPP,2806,142
2I,8359,LIM,2789,AYP,2786,142
2I,8359,LIM,2789,CUZ,2812,142 141
2I,8359,LIM,2789,HUU,6067,141
2I,8359,LIM,2789,PCL,2781,143 146
2I,8359,LIM,2789,TPP,2806,142 146
2I,8359,PCL,2781,IQT,2801,143
2I,8359,PCL,2781,LIM,2789,143 146
2I,8359,PCL,2781,TPP,2806,146
2I,8359,PEM,2808,CUZ,2812,142
2I,8359,TPP,2806,IQT,2801,142
2I,8359,TPP,2806,LIM,2789,142 146
2I,8359,TPP,2806,PCL,2781,146
2J,470,ABJ,253,BOY,247,CRJ
2J,470,ABJ,253,OUA,246,E70 CRJ M87
2J,470,ACC,248,OUA,246,CRJ
2J,470,BKO,1044,ABJ,253,M87
2J,470,BKO,1044,DKR,1084,M87
2J,470,BKO,1044,OUA,246,CRJ
2J,470,BOY,247,ABJ,253,CRJ
2J,470,BOY,247,OUA,246,CRJ
2J,470,COO,245,LFW,298,M87
2J,470,COO,245,OUA,246,M87
2J,470,DKR,1084,BKO,1044,M87
2J,470,DKR,1084,OUA,246,M87
2J,470,LFW,298,OUA,246,M87 CRJ
2J,470,NIM,280,OUA,246,CRJ
2J,470,OUA,246,ABJ,253,E70 CRJ M87
2J,470,OUA,246,ACC,248,CRJ
2J,470,OUA,246,BKO,1044,M87 CRJ
2J,470,OUA,246,BOY,247,CRJ
2J,470,OUA,246,COO,245,M87
2J,470,OUA,246,DKR,1084,M87
2J,470,OUA,246,LFW,298,CRJ
2J,470,OUA,246,NIM,280,CRJ
2K,1338,BOG,2709,GYE,2673,319
2K,1338,BOG,2709,UIO,2688,319 320
2K,1338,CLO,2715,GYE,2673,319
2K,1338,GYE,2673,BOG,2709,319
2K,1338,GYE,2673,CLO,2715,319
2K,1338,GYE,2673,SCY,6045,319 320
2K,1338,GYE,2673,UIO,2688,320 319
2K,1338,OCC,2670,UIO,2688,319
2K,1338,SCY,6045,GYE,2673,319 320
2K,1338,UIO,2688,BOG,2709,319 320
2K,1338,UIO,2688,GYE,2673,319
2K,1338,UIO,2688,OCC,2670,319
2L,2750,BDS,1506,ZRH,1678,100
2L,2750,BOD,1264,ZRH,1678,100
2L,2750,BRS,490,ZRH,1678,100
2L,2750,GVA,1665,LPA,1054,319
2L,2750,LCA,1197,ZRH,1678,319
2L,2750,LPA,1054,ZRH,1678,319
2L,2750,RMF,4197,ZRH,1678,319
2L,2750,TFS,1056,GVA,1665,319
2L,2750,ZRH,1678,BDS,1506,100
2L,2750,ZRH,1678,BOD,1264,100
2L,2750,ZRH,1678,BRS,490,100
2L,2750,ZRH,1678,LCA,1197,319
2L,2750,ZRH,1678,LPA,1054,319
2L,2750,ZRH,1678,RMF,4197,319
2N,3652,AJR,730,LYC,719,ATP
2N,3652,ARN,737,GEV,715,ATP
2N,3652,ARN,737,HAD,709,SF3
2N,3652,ARN,737,JKG,688,ATP SF3
2N,3652,ARN,737,KRF,718,ATP
2N,3652,ARN,737,KSD,5595,SF3
2N,3652,ARN,737,LYC,719,ATP
2N,3652,ARN,737,MHQ,442,SF3
2N,3652,ARN,737,OER,722,ATR
2N,3652,ARN,737,POR,448,SF3
2N,3652,ARN,737,TRF,664,SF3
2N,3652,ARN,737,VBY,746,SF3 ATP
2N,3652,ARN,737,VHM,729,SF3
2N,3652,ARN,737,VXO,711,SF3
2N,3652,GEV,715,ARN,737,ATP
2N,3652,GEV,715,KRF,718,ATP
2N,3652,HAD,709,ARN,737,SF3 ATP
2N,3652,HAD,709,JKG,688,ATP SF3
2N,3652,HAD,709,VXO,711,SF3
2N,3652,HMV,5599,VHM,729,SF3
2N,3652,JKG,688,ARN,737,ATP SF3
2N,3652,JKG,688,HAD,709,ATP SF3
2N,3652,KOK,435,POR,448,SF3
2N,3652,KRF,718,ARN,737,ATP
2N,3652,KRF,718,GEV,715,ATP
2N,3652,KSD,5595,ARN,737,SF3
2N,3652,LYC,719,AJR,730,ATP
2N,3652,LYC,719,ARN,737,ATP
2N,3652,MHQ,442,ARN,737,SF3
2N,3652,MHQ,442,TKU,460,SF3
2N,3652,OER,722,ARN,737,ATR
2N,3652,OSL,644,VXO,711,SF3
2N,3652,POR,448,ARN,737,SF3
2N,3652,POR,448,KOK,435,SF3
2N,3652,TKU,460,MHQ,442,SF3
2N,3652,TRF,664,ARN,737,SF3
2N,3652,VBY,746,ARN,737,SF3 ATP
2N,3652,VHM,729,ARN,737,SF3
2N,3652,VHM,729,HMV,5599,SF3
2N,3652,VXO,711,ARN,737,SF3
2N,3652,VXO,711,OSL,644,SF3
2O,146,ADQ,3531,AOS,7167,BNI
2O,146,ADQ,3531,KKB,7168,BNI
2O,146,ADQ,3531,KLN,7162,BNI
2O,146,ADQ,3531,KOZ,7164,BNI
2O,146,ADQ,3531,OLH,7163,BNI
2O,146,AOS,7167,KZB,7176,BNI
2O,146,KKB,7168,SYB,7173,BNI
2O,146,KLN,7162,KYK,7161,BNI
2O,146,KOZ,7164,ORI,7165,BNI
2O,146,SYB,7173,KPR,7172,BNI
2P,897,BSO,6019,MNL,2397,DH4
2P,897,BXU,4200,MNL,2397,320
2P,897,CBO,2399,MNL,2397,320
2P,897,CGY,2400,MNL,2397,320
2P,897,CRM,6024,MNL,2397,DH4
2P,897,DGT,2425,MNL,2397,320
2P,897,DWC,8076,MNL,2397,330
2P,897,GES,2402,MNL,2397,320
2P,897,KLO,2430,MNL,2397,320
2P,897,LGP,4203,MNL,2397,320
2P,897,MNL,2397,BSO,6019,DH4
2P,897,MNL,2397,BXU,4200,320
2P,897,MNL,2397,CBO,2399,320
2P,897,MNL,2397,CGY,2400,320
2P,897,MNL,2397,CRM,6024,DH4
2P,897,MNL,2397,DGT,2425,320
2P,897,MNL,2397,DWC,8076,330
2P,897,MNL,2397,GES,2402,320
2P,897,MNL,2397,KLO,2430,320
2P,897,MNL,2397,LGP,4203,320
2P,897,MNL,2397,MPH,2426,DH3
2P,897,MNL,2397,OZC,4204,320
2P,897,MNL,2397,PPS,2433,320
2P,897,MNL,2397,RXS,6026,320
2P,897,MNL,2397,SUG,6016,DH4
2P,897,MNL,2397,TUG,6021,DH4
2P,897,MNL,2397,ZAM,2404,320
2P,897,MPH,2426,MNL,2397,DH3
2P,897,OZC,4204,MNL,2397,320
2P,897,PPS,2433,MNL,2397,320
2P,897,RXS,6026,MNL,2397,320
2P,897,SUG,6016,MNL,2397,DH4
2P,897,TUG,6021,MNL,2397,DH4
2P,897,ZAM,2404,MNL,2397,320
2Z,1729,AUX,7376,PMW,4214,AT7
2Z,1729,BRA,7373,BSB,2531,AT7
2Z,1729,BRA,7373,SSA,2621,AT7
2Z,1729,BSB,2531,BRA,7373,AT7
2Z,1729,BSB,2531,OPS,7367,AT7
2Z,1729,BSB,2531,RAO,2613,AT7
2Z,1729,CAC,2535,GRU,2564,AT7
2Z,1729,CGB,2548,GYN,2562,AT7
2Z,1729,CGB,2548,OPS,7367,AT7
2Z,1729,CGR,2538,DOU,7380,AT7
2Z,1729,DOU,7380,CGR,2538,AT7
2Z,1729,DOU,7380,GRU,2564,AT7
2Z,1729,GIG,2560,RAO,2613,AT7
2Z,1729,GRU,2564,CAC,2535,AT7
2Z,1729,GRU,2564,DOU,7380,AT7
2Z,1729,GRU,2564,RAO,2613,AT7
2Z,1729,GRU,2564,UBA,2635,AT7
2Z,1729,GRU,2564,UDI,2633,AT7
2Z,1729,GRU,2564,VDC,6039,AT7
2Z,1729,GYN,2562,CGB,2548,AT7
2Z,1729,GYN,2562,PMW,4214,AT7
2Z,1729,GYN,2562,RAO,2613,AT7
2Z,1729,GYN,2562,UDI,2633,AT7
2Z,1729,OPS,7367,BSB,2531,AT7
2Z,1729,OPS,7367,CGB,2548,AT7
2Z,1729,PLU,2528,RAO,2613,AT7
2Z,1729,PMW,4214,AUX,7376,AT7
2Z,1729,PMW,4214,GYN,2562,AT7
2Z,1729,RAO,2613,BSB,2531,AT7
2Z,1729,RAO,2613,GIG,2560,AT7
2Z,1729,RAO,2613,GRU,2564,AT7
2Z,1729,RAO,2613,GYN,2562,AT7
2Z,1729,RAO,2613,PLU,2528,AT7
2Z,1729,RAO,2613,SJP,2619,AT7
2Z,1729,RAO,2613,UDI,2633,AT7
2Z,1729,SJP,2619,RAO,2613,AT7
2Z,1729,SSA,2621,BRA,7373,AT7
2Z,1729,SSA,2621,VDC,6039,AT7
2Z,1729,UBA,2635,GRU,2564,AT7
2Z,1729,UBA,2635,UDI,2633,AT7
2Z,1729,UDI,2633,GRU,2564,AT7
2Z,1729,UDI,2633,GYN,2562,AT7
2Z,1729,UDI,2633,RAO,2613,AT7
2Z,1729,UDI,2633,UBA,2635,AT7
2Z,1729,VDC,6039,GRU,2564,AT7
2Z,1729,VDC,6039,SSA,2621,AT7
3E,10739,BRL,5726,ORD,3830,CNC
3E,10739,BRL,5726,STL,3678,CNC
3E,10739,DEC,4042,ORD,3830,CNC
3E,10739,DEC,4042,STL,3678,CNC
3E,10739,JBR,3591,STL,3678,CNC
3E,10739,ORD,3830,BRL,5726,CNC
3E,10739,ORD,3830,DEC,4042,CNC
3E,10739,STL,3678,BRL,5726,CNC
3E,10739,STL,3678,DEC,4042,CNC
3E,10739,STL,3678,JBR,3591,CNC
3F,16262,CGA,7144,HYL,7145,DHP
3F,16262,CGA,7144,KTN,3808,DHP
3F,16262,HYL,7145,CGA,7144,DHP
3F,16262,HYL,7145,KTB,7147,DHP
3F,16262,HYL,7145,KTN,3808,DHP
3F,16262,KTB,7147,HYL,7145,DHP
3F,16262,KTB,7147,KTN,3808,DHP
3F,16262,KTN,3808,CGA,7144,DHP
3F,16262,KTN,3808,HYL,7145,DHP
3F,16262,KTN,3808,KTB,7147,DHP
3F,16262,KTN,3808,MTM,7146,DHP
3F,16262,MTM,7146,KTN,3808,DHP
3G,595,ACC,248,DKR,1084,319
3G,595,ACC,248,LOS,273,319
3G,595,ACC,248,ROB,1063,319
3G,595,BCN,1218,BJL,1050,319
3G,595,BJL,1050,BCN,1218,319
3G,595,BJL,1050,DKR,1084,319
3G,595,BJL,1050,FNA,1059,319
3G,595,CKY,4162,OXB,5665,319
3G,595,DKR,1084,ACC,248,319
3G,595,DKR,1084,BJL,1050,319
3G,595,DKR,1084,DLA,897,319
3G,595,DKR,1084,FNA,1059,319
3G,595,DKR,1084,LOS,273,319
3G,595,DKR,1084,OXB,5665,319
3G,595,DLA,897,DKR,1084,319
3G,595,DLA,897,LOS,273,319
3G,595,FNA,1059,BJL,1050,319
3G,595,FNA,1059,DKR,1084,319
3G,595,FNA,1059,LGW,502,319
3G,595,FNA,1059,ROB,1063,319
3G,595,LGW,502,FNA,1059,319
3G,595,LOS,273,ACC,248,319
3G,595,LOS,273,DKR,1084,319
3G,595,LOS,273,DLA,897,319
3G,595,LOS,273,ROB,1063,319
3G,595,OXB,5665,CKY,4162,319
3G,595,OXB,5665,DKR,1084,319
3G,595,ROB,1063,ACC,248,319
3G,595,ROB,1063,FNA,1059,319
3G,595,ROB,1063,LOS,273,319
3H,\N,AKV,5506,YIK,5504,DH8
3H,\N,AKV,5506,YPX,6727,DH8
3H,\N,XGR,5512,YVP,154,DHT BET
3H,\N,YGL,62,YGW,5496,DHT
3H,\N,YGL,62,YPX,6727,73M
3H,\N,YGL,62,YUL,146,73M
3H,\N,YGW,5496,YGL,62,DHT
3H,\N,YGW,5496,YPH,5520,BET
3H,\N,YGW,5496,YSK,5529,DH8
3H,\N,YGW,5496,YUD,5515,DH8
3H,\N,YGW,5496,YUL,146,DH8
3H,\N,YGW,5496,YUY,149,DH8
3H,\N,YIK,5504,AKV,5506,DH8
3H,\N,YIK,5504,YZG,5535,DH8
3H,\N,YKG,5481,YPJ,5508,DHT DH8
3H,\N,YKG,5481,YQC,5499,DH8
3H,\N,YKG,5481,YVP,154,DH8 DHT
3H,\N,YKL,80,YQB,111,DH8
3H,\N,YKL,80,YVP,154,DH8 BET
3H,\N,YKL,80,YWK,161,BET
3H,\N,YKL,80,YZV,202,BET DH8
3H,\N,YPH,5520,YPX,6727,DH8 BET
3H,\N,YPH,5520,YUD,5515,DH8
3H,\N,YPH,5520,YVP,154,BET
3H,\N,YPJ,5508,YKG,5481,DHT DH8
3H,\N,YPJ,5508,YTQ,6728,DHT DH8
3H,\N,YPJ,5508,YVP,154,DHT
3H,\N,YPX,6727,AKV,5506,DH8
3H,\N,YPX,6727,YGL,62,73M
3H,\N,YPX,6727,YPH,5520,DH8
3H,\N,YPX,6727,YVP,154,BET
3H,\N,YQB,111,YKL,80,DH8
3H,\N,YQB,111,YUL,146,DH8
3H,\N,YQC,5499,YKG,5481,DH8
3H,\N,YQC,5499,YWB,7253,DH8
3H,\N,YSK,5529,YGW,5496,DH8
3H,\N,YSK,5529,YUD,5515,DH8
3H,\N,YTQ,6728,YPJ,5508,DHT DH8
3H,\N,YTQ,6728,YVP,154,DHT DH8
3H,\N,YUD,5515,YGW,5496,DH8
3H,\N,YUD,5515,YPH,5520,DH8
3H,\N,YUD,5515,YSK,5529,DH8
3H,\N,YUL,146,YGL,62,73M
3H,\N,YUL,146,YGW,5496,DH8
3H,\N,YUL,146,YQB,111,DH8
3H,\N,YUL,146,YUY,149,DH8
3H,\N,YUY,149,YGW,5496,DH8
3H,\N,YUY,149,YUL,146,DH8
3H,\N,YVP,154,XGR,5512,DHT BET
3H,\N,YVP,154,YGW,5496,BET
3H,\N,YVP,154,YKG,5481,DH8
3H,\N,YVP,154,YKL,80,DH8 BET
3H,\N,YVP,154,YPH,5520,BET
3H,\N,YVP,154,YPJ,5508,DHT
3H,\N,YVP,154,YPX,6727,BET
3H,\N,YVP,154,YTQ,6728,DHT DH8
3H,\N,YWB,7253,YQC,5499,DH8
3H,\N,YWB,7253,YZG,5535,DH8
3H,\N,YWK,161,YKL,80,BET
3H,\N,YWK,161,YZV,202,BET
3H,\N,YZG,5535,YIK,5504,DH8
3H,\N,YZG,5535,YWB,7253,DH8
3H,\N,YZV,202,YKL,80,BET DH8
3H,\N,YZV,202,YWK,161,BET
3J,5521,JIB,4119,DXB,2188,737
3J,5521,JIB,4119,JED,2072,737
3J,5521,JIB,4119,MGQ,5687,737
3J,5521,MGQ,5687,NBO,4059,737
3J,5521,NBO,4059,MGQ,5687,737
3K,3021,BKK,3885,SIN,3316,320
3K,3021,DRW,3999,SIN,3316,320
3K,3021,HAK,4120,SIN,3316,320
3K,3021,HGH,3386,SIN,3316,320
3K,3021,HKG,3077,SIN,3316,320
3K,3021,HKT,3179,SIN,3316,320
3K,3021,KIX,3992,MNL,2397,320
3K,3021,KIX,3992,TPE,2276,320
3K,3021,KUL,3304,SIN,3316,320
3K,3021,MNL,2397,KIX,3992,320
3K,3021,MNL,2397,SIN,3316,320
3K,3021,PEN,3308,SIN,3316,320
3K,3021,PER,3351,SIN,3316,320
3K,3021,PNH,3034,SIN,3316,320
3K,3021,REP,3035,SIN,3316,320
3K,3021,RGN,3239,SIN,3316,320
3K,3021,SGN,3205,SIN,3316,320
3K,3021,SIN,3316,BKK,3885,320
3K,3021,SIN,3316,DRW,3999,320
3K,3021,SIN,3316,HAK,4120,320
3K,3021,SIN,3316,HGH,3386,320
3K,3021,SIN,3316,HKG,3077,320
3K,3021,SIN,3316,HKT,3179,320
3K,3021,SIN,3316,KUL,3304,320
3K,3021,SIN,3316,MNL,2397,320
3K,3021,SIN,3316,PEN,3308,320
3K,3021,SIN,3316,PER,3351,320
3K,3021,SIN,3316,PNH,3034,320
3K,3021,SIN,3316,REP,3035,320
3K,3021,SIN,3316,RGN,3239,320
3K,3021,SIN,3316,SGN,3205,320
3K,3021,SIN,3316,SWA,4302,320
3K,3021,SIN,3316,TPE,2276,320
3K,3021,SWA,4302,SIN,3316,320
3K,3021,TPE,2276,KIX,3992,320
3K,3021,TPE,2276,SIN,3316,320
3L,2916,ACH,1679,EBA,1558,DH3
3L,2916,DRS,338,ZRH,1678,DH3
3L,2916,DUS,345,FDH,382,DH3
3L,2916,EBA,1558,ACH,1679,DH3
3L,2916,EBA,1558,FDH,382,DH3
3L,2916,EBA,1558,MUC,346,DH3
3L,2916,EBA,1558,ZRH,1678,DH3
3L,2916,FDH,382,DUS,345,DH3
3L,2916,FDH,382,EBA,1558,DH3
3L,2916,FDH,382,HAM,342,AT7
3L,2916,FDH,382,OLB,1520,AT7
3L,2916,FDH,382,TXL,351,AT7
3L,2916,FDH,382,ZAD,1209,AT7
3L,2916,FMM,3986,NAP,1561,AT7
3L,2916,GRZ,1609,ZRH,1678,DH3
3L,2916,HAM,342,FDH,382,AT7
3L,2916,MUC,346,EBA,1558,DH3
3L,2916,NAP,1561,FMM,3986,AT7
3L,2916,OLB,1520,FDH,382,AT7
3L,2916,SZG,1612,ZRH,1678,DH3
3L,2916,TXL,351,FDH,382,AT7
3L,2916,ZAD,1209,FDH,382,AT7
3L,2916,ZRH,1678,DRS,338,DH3
3L,2916,ZRH,1678,EBA,1558,DH3
3L,2916,ZRH,1678,GRZ,1609,DH3
3L,2916,ZRH,1678,SZG,1612,DH3
3M,20710,ATL,3682,LWB,6958,SF3
3M,20710,ATL,3682,MCN,3754,SF3
3M,20710,ATL,3682,MEI,4335,SF3
3M,20710,ATL,3682,MSL,5756,SF3
3M,20710,ATL,3682,PIB,5759,SF3
3M,20710,ATL,3682,TUP,5773,SF3
3M,20710,BIM,1937,FLL,3533,SF3
3M,20710,ELH,1943,FLL,3533,SF3
3M,20710,ELH,1943,PBI,3722,SF3
3M,20710,EYW,3875,FLL,3533,SF3
3M,20710,EYW,3875,RSW,3793,SF3
3M,20710,EYW,3875,TPA,3646,SF3
3M,20710,FLL,3533,BIM,1937,SF3
3M,20710,FLL,3533,ELH,1943,SF3
3M,20710,FLL,3533,EYW,3875,SF3
3M,20710,FLL,3533,FPO,1948,SF3
3M,20710,FLL,3533,GGT,1941,SF3
3M,20710,FLL,3533,GHB,1944,SF3
3M,20710,FLL,3533,MCO,3878,SF3
3M,20710,FLL,3533,MHH,1930,SF3
3M,20710,FLL,3533,TCB,1934,SF3
3M,20710,FLL,3533,TPA,3646,SF3
3M,20710,FPO,1948,FLL,3533,SF3
3M,20710,GGT,1941,FLL,3533,SF3
3M,20710,GGT,1941,GHB,1944,SF3
3M,20710,GHB,1944,FLL,3533,SF3
3M,20710,GLH,6130,TUP,5773,SF3
3M,20710,GNV,3472,MCO,3878,SF3
3M,20710,GNV,3472,TPA,3646,SF3
3M,20710,JAX,3712,MHH,1930,SF3
3M,20710,JAX,3712,TPA,3646,SF3
3M,20710,LWB,6958,ATL,3682,SF3
3M,20710,MCN,3754,ATL,3682,SF3
3M,20710,MCN,3754,MCO,3878,SF3
3M,20710,MCO,3878,FLL,3533,SF3
3M,20710,MCO,3878,GNV,3472,SF3
3M,20710,MCO,3878,MCN,3754,SF3
3M,20710,MCO,3878,MHH,1930,SF3
3M,20710,MCO,3878,PNS,3564,SF3
3M,20710,MCO,3878,RSW,3793,SF3
3M,20710,MCO,3878,TLH,3698,SF3
3M,20710,MEI,4335,ATL,3682,SF3
3M,20710,MHH,1930,FLL,3533,SF3
3M,20710,MHH,1930,JAX,3712,SF3
3M,20710,MHH,1930,MCO,3878,SF3
3M,20710,MHH,1930,PBI,3722,SF3
3M,20710,MSL,5756,ATL,3682,SF3
3M,20710,PBI,3722,ELH,1943,SF3
3M,20710,PBI,3722,MHH,1930,SF3
3M,20710,PBI,3722,TPA,3646,SF3
3M,20710,PIB,5759,ATL,3682,SF3 
3M,20710,PNS,3564,MCO,3878,SF3
3M,20710,PNS,3564,TPA,3646,SF3
3M,20710,RSW,3793,EYW,3875,SF3
3M,20710,RSW,3793,MCO,3878,SF3
3M,20710,TCB,1934,FLL,3533,SF3
3M,20710,TLH,3698,MCO,3878,SF3
3M,20710,TLH,3698,TPA,3646,SF3
3M,20710,TPA,3646,EYW,3875,SF3
3M,20710,TPA,3646,FLL,3533,SF3
3M,20710,TPA,3646,GNV,3472,SF3
3M,20710,TPA,3646,JAX,3712,SF3
3M,20710,TPA,3646,PBI,3722,SF3
3M,20710,TPA,3646,PNS,3564,SF3
3M,20710,TPA,3646,TLH,3698,SF3
3M,20710,TUP,5773,ATL,3682,SF3 
3M,20710,TUP,5773,GLH,6130,SF3
3O,9818,AMS,580,NDR,5673,320
3O,9818,AMS,580,TNG,1080,320
3O,9818,BCN,1218,CMN,1074,320
3O,9818,BCN,1218,NDR,5673,320
3O,9818,BCN,1218,TNG,1080,320
3O,9818,BGY,1525,CMN,1074,320
3O,9818,BLQ,1538,CMN,1074,320
3O,9818,BRU,302,CMN,1074,320
3O,9818,BRU,302,NDR,5673,320
3O,9818,BRU,302,TNG,1080,320
3O,9818,CGN,344,NDR,5673,320
3O,9818,CMN,1074,BCN,1218,320
3O,9818,CMN,1074,BGY,1525,320
3O,9818,CMN,1074,BLQ,1538,320
3O,9818,CMN,1074,BRU,302,320
3O,9818,CMN,1074,CUF,1534,320
3O,9818,CMN,1074,LGW,502,320
3O,9818,CMN,1074,LYS,1335,320
3O,9818,CMN,1074,MPL,1359,320
3O,9818,CMN,1074,SAW,4317,320
3O,9818,CMN,1074,TLS,1273,320
3O,9818,CMN,1074,TSF,1539,320
3O,9818,CUF,1534,CMN,1074,320
3O,9818,FEZ,1066,MPL,1359,320
3O,9818,LGW,502,CMN,1074,320
3O,9818,LGW,502,TNG,1080,320
3O,9818,LYS,1335,CMN,1074,320
3O,9818,MPL,1359,CMN,1074,320
3O,9818,MPL,1359,FEZ,1066,320
3O,9818,MPL,1359,NDR,5673,320
3O,9818,NDR,5673,AMS,580,320
3O,9818,NDR,5673,BCN,1218,320
3O,9818,NDR,5673,BRU,302,320
3O,9818,NDR,5673,CGN,344,320
3O,9818,NDR,5673,MPL,1359,320
3O,9818,NDR,5673,PMI,3998,320
3O,9818,PMI,3998,NDR,5673,320
3O,9818,SAW,4317,CMN,1074,320
3O,9818,TLS,1273,CMN,1074,320
3O,9818,TNG,1080,AMS,580,320
3O,9818,TNG,1080,BCN,1218,320
3O,9818,TNG,1080,BRU,302,320
3O,9818,TNG,1080,LGW,502,320
3O,9818,TSF,1539,CMN,1074,320
3P,5002,AUA,2895,LSP,2844,SH6
3P,5002,AUA,2895,MAR,2848,SH6
3P,5002,BON,2896,CUR,2897,SH6
3P,5002,CUR,2897,AUA,2895,SH6
3P,5002,LSP,2844,AUA,2895,SH6
3P,5002,MAR,2848,AUA,2895,SH6
3R,3545,ASF,2966,DME,4029,SU9
3R,3545,ASF,2966,LED,2948,SU9
3R,3545,BHK,2980,DME,4029,734
3R,3545,DME,4029,ASF,2966,SU9
3R,3545,DME,4029,BHK,2980,734
3R,3545,DME,4029,EGO,6156,SU9
3R,3545,DME,4029,FEG,6149,734
3R,3545,DME,4029,KSQ,6153,734
3R,3545,DME,4029,NMA,6150,734
3R,3545,DME,4029,NVI,6485,734
3R,3545,DME,4029,SKD,2981,734
3R,3545,DME,4029,TIV,1743,SU9 73G
3R,3545,EGO,6156,DME,4029,SU9
3R,3545,FEG,6149,DME,4029,734
3R,3545,KSQ,6153,DME,4029,734
3R,3545,LED,2948,ASF,2966,SU9
3R,3545,NMA,6150,DME,4029,734
3R,3545,NVI,6485,DME,4029,734
3R,3545,SKD,2981,DME,4029,734
3R,3545,TIV,1743,DME,4029,SU9 73G
3S,11741,ANU,2874,PTP,2881,AT5
3S,11741,CAY,2774,FDF,2878,320
3S,11741,CUR,2897,SDQ,1762,AT5
3S,11741,DOM,2877,PTP,2881,AT5
3S,11741,DOM,2877,SXM,2899,AT5
3S,11741,FDF,2878,CAY,2774,320
3S,11741,FDF,2878,PTP,2881,AT5 320
3S,11741,FDF,2878,SDQ,1762,AT5
3S,11741,FDF,2878,SLU,2893,AT5
3S,11741,PTP,2881,ANU,2874,AT5
3S,11741,PTP,2881,DOM,2877,AT5
3S,11741,PTP,2881,FDF,2878,AT5 320
3S,11741,PTP,2881,SBH,6460,DHT
3S,11741,PTP,2881,SDQ,1762,AT5
3S,11741,PTP,2881,SFG,2879,AT5
3S,11741,PTP,2881,SXM,2899,AT5
3S,11741,SBH,6460,PTP,2881,DHT
3S,11741,SDQ,1762,PTP,2881,AT5
3S,11741,SDQ,1762,SXM,2899,AT5
3S,11741,SFG,2879,PTP,2881,AT5
3S,11741,SLU,2893,FDF,2878,AT5
3S,11741,SXM,2899,DOM,2877,AT5
3S,11741,SXM,2899,PTP,2881,AT5
3S,11741,SXM,2899,SDQ,1762,AT5
3U,4608,BHY,6351,XIY,3379,321
3U,4608,CAN,3370,CKG,3393,321 320
3U,4608,CAN,3370,CTU,3395,321 320 330
3U,4608,CAN,3370,SPN,2244,330
3U,4608,CGO,3375,CGQ,4380,321
3U,4608,CGO,3375,CKG,3393,321
3U,4608,CGO,3375,CTU,3395,321
3U,4608,CGO,3375,HGH,3386,320
3U,4608,CGO,3375,HRB,3400,320
3U,4608,CGO,3375,KMG,3382,320
3U,4608,CGO,3375,URC,3399,320
3U,4608,CGQ,4380,CGO,3375,321
3U,4608,CGQ,4380,NKG,3388,320
3U,4608,CGQ,4380,TNA,4108,321
3U,4608,CGQ,4380,TSN,3368,320 319
3U,4608,CKG,3393,CAN,3370,321 320
3U,4608,CKG,3393,CGO,3375,321
3U,4608,CKG,3393,CSX,3371,319 321
3U,4608,CKG,3393,CTU,3395,330
3U,4608,CKG,3393,CZX,4109,320
3U,4608,CKG,3393,DLC,3404,320
3U,4608,CKG,3393,DYG,6353,320
3U,4608,CKG,3393,HAK,4120,319
3U,4608,CKG,3393,HGH,3386,320 319
3U,4608,CKG,3393,HKT,3179,321
3U,4608,CKG,3393,INC,4085,321
3U,4608,CKG,3393,KHN,3384,319
3U,4608,CKG,3393,KMG,3382,319 320
3U,4608,CKG,3393,LHW,3378,319 321
3U,4608,CKG,3393,LJG,4033,319
3U,4608,CKG,3393,LXA,4097,319
3U,4608,CKG,3393,NGB,3387,319
3U,4608,CKG,3393,NKG,3388,319
3U,4608,CKG,3393,NNG,3373,319
3U,4608,CKG,3393,PEK,3364,321 319 320
3U,4608,CKG,3393,PVG,3406,320 319
3U,4608,CKG,3393,PZI,6435,319
3U,4608,CKG,3393,SWA,4302,319
3U,4608,CKG,3393,SYD,3361,330
3U,4608,CKG,3393,SYX,4030,320
3U,4608,CKG,3393,SZX,3374,320
3U,4608,CKG,3393,TNA,4108,321
3U,4608,CKG,3393,TSA,2275,320
3U,4608,CKG,3393,TSN,3368,319
3U,4608,CKG,3393,TYN,3369,321
3U,4608,CKG,3393,URC,3399,320
3U,4608,CKG,3393,WUH,3376,319
3U,4608,CKG,3393,WUX,6390,319
3U,4608,CKG,3393,XIY,3379,319
3U,4608,CKG,3393,XNN,6366,320
3U,4608,CKG,3393,YIH,6361,319
3U,4608,CKG,3393,ZHA,6357,319
3U,4608,CSX,3371,CKG,3393,319 321
3U,4608,CSX,3371,CTU,3395,320
3U,4608,CSX,3371,FOC,3385,320
3U,4608,CSX,3371,KMG,3382,320
3U,4608,CSX,3371,SHE,4144,320
3U,4608,CSX,3371,WNZ,6392,319
3U,4608,CSX,3371,XMN,3383,321
3U,4608,CTU,3395,CAN,3370,321 320 330
3U,4608,CTU,3395,CGO,3375,321
3U,4608,CTU,3395,CKG,3393,330
3U,4608,CTU,3395,CSX,3371,320
3U,4608,CTU,3395,DCY,9310,319
3U,4608,CTU,3395,DSN,6434,319
3U,4608,CTU,3395,HAK,4120,321
3U,4608,CTU,3395,HDG,8407,319
3U,4608,CTU,3395,HET,6345,320
3U,4608,CTU,3395,HFE,3389,321
3U,4608,CTU,3395,HGH,3386,320 319
3U,4608,CTU,3395,HKG,3077,320
3U,4608,CTU,3395,HKT,3179,321
3U,4608,CTU,3395,ICN,3930,321
3U,4608,CTU,3395,INC,4085,321
3U,4608,CTU,3395,JHG,3381,319
3U,4608,CTU,3395,JIQ,8781,320
3U,4608,CTU,3395,JZH,4301,319
3U,4608,CTU,3395,KHN,3384,321
3U,4608,CTU,3395,KMG,3382,320
3U,4608,CTU,3395,KOW,6379,320
3U,4608,CTU,3395,KWE,3394,320
3U,4608,CTU,3395,LHW,3378,319
3U,4608,CTU,3395,LJG,4033,319
3U,4608,CTU,3395,LUM,6376,319
3U,4608,CTU,3395,LXA,4097,330 319
3U,4608,CTU,3395,LZY,6402,319
3U,4608,CTU,3395,MEL,3339,330
3U,4608,CTU,3395,NKG,3388,319 320
3U,4608,CTU,3395,NNG,3373,319 320
3U,4608,CTU,3395,PEK,3364,330 321 320
3U,4608,CTU,3395,PVG,3406,321 330
3U,4608,CTU,3395,PZI,6435,319
3U,4608,CTU,3395,SHE,4144,330
3U,4608,CTU,3395,SJW,6347,320
3U,4608,CTU,3395,SYX,4030,321
3U,4608,CTU,3395,SZX,3374,320 321
3U,4608,CTU,3395,TAO,3390,321
3U,4608,CTU,3395,TNA,4108,321
3U,4608,CTU,3395,TSA,2275,320
3U,4608,CTU,3395,TSN,3368,321
3U,4608,CTU,3395,TYN,3369,319
3U,4608,CTU,3395,URC,3399,319 330
3U,4608,CTU,3395,WNZ,6392,320
3U,4608,CTU,3395,WUH,3376,319
3U,4608,CTU,3395,WUX,6390,320
3U,4608,CTU,3395,WXN,6403,319
3U,4608,CTU,3395,XIC,3396,320
3U,4608,CTU,3395,XIY,3379,320 319
3U,4608,CTU,3395,XMN,3383,320
3U,4608,CTU,3395,XNN,6366,320
3U,4608,CTU,3395,XUZ,4149,320
3U,4608,CTU,3395,YIH,6361,320
3U,4608,CTU,3395,YTY,8876,319
3U,4608,CZX,4109,CKG,3393,320
3U,4608,CZX,4109,HRB,3400,321
3U,4608,CZX,4109,XMN,3383,321
3U,4608,CZX,4109,ZUH,6355,320
3U,4608,DAT,6344,TYN,3369,319
3U,4608,DCY,9310,CTU,3395,319
3U,4608,DLC,3404,CKG,3393,320
3U,4608,DLC,3404,HGH,3386,320
3U,4608,DLC,3404,HRB,3400,320
3U,4608,DLC,3404,TNA,4108,321
3U,4608,DLC,3404,XUZ,4149,320
3U,4608,DNH,4308,LHW,3378,319
3U,4608,DSN,6434,CTU,3395,319
3U,4608,DSN,6434,SHE,4144,319
3U,4608,DYG,6353,CKG,3393,320
3U,4608,DYG,6353,NKG,3388,319
3U,4608,FOC,3385,CSX,3371,320
3U,4608,FOC,3385,XIY,3379,319
3U,4608,GXH,9311,LXA,4097,319
3U,4608,GXH,9311,XIY,3379,319
3U,4608,HAK,4120,CKG,3393,319
3U,4608,HAK,4120,CTU,3395,321
3U,4608,HAK,4120,HGH,3386,320
3U,4608,HAK,4120,NGB,3387,321
3U,4608,HAK,4120,ZUH,6355,320
3U,4608,HDG,8407,CTU,3395,319
3U,4608,HET,6345,CTU,3395,320
3U,4608,HFE,3389,CTU,3395,321
3U,4608,HGH,3386,CGO,3375,320
3U,4608,HGH,3386,CKG,3393,320 319
3U,4608,HGH,3386,CTU,3395,319 320
3U,4608,HGH,3386,DLC,3404,320
3U,4608,HGH,3386,HAK,4120,320
3U,4608,HGH,3386,KWE,3394,320
3U,4608,HGH,3386,TSN,3368,320
3U,4608,HGH,3386,TYN,3369,320
3U,4608,HKG,3077,CTU,3395,320
3U,4608,HKG,3077,YIH,6361,320
3U,4608,HKG,3077,ZHA,6357,319
3U,4608,HKT,3179,CKG,3393,321
3U,4608,HKT,3179,CTU,3395,321
3U,4608,HRB,3400,CGO,3375,320
3U,4608,HRB,3400,CZX,4109,321
3U,4608,HRB,3400,DLC,3404,320
3U,4608,HRB,3400,INC,4085,321
3U,4608,HRB,3400,NGB,3387,321
3U,4608,HRB,3400,NKG,3388,319
3U,4608,HRB,3400,NZH,6954,321
3U,4608,HRB,3400,SJW,6347,321
3U,4608,HRB,3400,TNA,4108,320 321
3U,4608,HRB,3400,TSN,3368,321
3U,4608,HRB,3400,WNZ,6392,321
3U,4608,HRB,3400,WUH,3376,321
3U,4608,HRB,3400,XIY,3379,321
3U,4608,HRB,3400,XUZ,4149,320 321
3U,4608,ICN,3930,CTU,3395,321
3U,4608,INC,4085,CKG,3393,321
3U,4608,INC,4085,CTU,3395,321
3U,4608,INC,4085,HRB,3400,321
3U,4608,INC,4085,KWL,3372,320
3U,4608,JGN,6432,LHW,3378,319
3U,4608,JHG,3381,CTU,3395,319
3U,4608,JHG,3381,KMG,3382,319
3U,4608,JIQ,8781,CTU,3395,320
3U,4608,JJN,6386,KWE,3394,320
3U,4608,JJN,6386,WUH,3376,319
3U,4608,JZH,4301,CTU,3395,319
3U,4608,KHG,3397,URC,3399,319
3U,4608,KHN,3384,CKG,3393,319
3U,4608,KHN,3384,CTU,3395,321
3U,4608,KHN,3384,KMG,3382,319
3U,4608,KHN,3384,NGB,3387,321
3U,4608,KMG,3382,CGO,3375,320
3U,4608,KMG,3382,CKG,3393,319 320
3U,4608,KMG,3382,CSX,3371,320
3U,4608,KMG,3382,CTU,3395,320
3U,4608,KMG,3382,JHG,3381,319
3U,4608,KMG,3382,KHN,3384,319
3U,4608,KMG,3382,KWE,3394,320
3U,4608,KMG,3382,LUM,6376,319
3U,4608,KMG,3382,NGB,3387,320
3U,4608,KMG,3382,NKG,3388,320
3U,4608,KMG,3382,TAO,3390,320
3U,4608,KMG,3382,TNA,4108,320
3U,4608,KMG,3382,TPE,2276,320
3U,4608,KMG,3382,WXN,6403,320
3U,4608,KMG,3382,XIY,3379,320
3U,4608,KMG,3382,XMN,3383,320
3U,4608,KMG,3382,XUZ,4149,320
3U,4608,KOW,6379,CTU,3395,320
3U,4608,KOW,6379,XMN,3383,320
3U,4608,KWE,3394,CTU,3395,320
3U,4608,KWE,3394,HGH,3386,320
3U,4608,KWE,3394,JJN,6386,320
3U,4608,KWE,3394,KMG,3382,320
3U,4608,KWE,3394,LHW,3378,321
3U,4608,KWE,3394,SYX,4030,321
3U,4608,KWE,3394,WNZ,6392,320
3U,4608,KWE,3394,XUZ,4149,321
3U,4608,KWL,3372,INC,4085,320
3U,4608,KWL,3372,SJW,6347,321
3U,4608,KWL,3372,SYX,4030,320
3U,4608,LHW,3378,CKG,3393,319 321
3U,4608,LHW,3378,CTU,3395,319
3U,4608,LHW,3378,DNH,4308,319
3U,4608,LHW,3378,JGN,6432,319
3U,4608,LHW,3378,KWE,3394,321
3U,4608,LHW,3378,TSN,3368,321
3U,4608,LJG,4033,CKG,3393,319
3U,4608,LJG,4033,CTU,3395,319
3U,4608,LJG,4033,MIG,6400,319
3U,4608,LUM,6376,CTU,3395,319
3U,4608,LUM,6376,KMG,3382,319
3U,4608,LXA,4097,CKG,3393,319
3U,4608,LXA,4097,CTU,3395,330 319
3U,4608,LXA,4097,GXH,9311,319
3U,4608,LXA,4097,XIY,3379,319
3U,4608,LXA,4097,XNN,6366,319
3U,4608,LYI,6385,XIY,3379,319 320
3U,4608,LZY,6402,CTU,3395,319
3U,4608,MEL,3339,CTU,3395,330
3U,4608,MIG,6400,LJG,4033,319
3U,4608,MIG,6400,NKG,3388,319
3U,4608,MIG,6400,SYX,4030,320
3U,4608,MIG,6400,XNN,6366,320
3U,4608,NGB,3387,CKG,3393,319
3U,4608,NGB,3387,HAK,4120,321
3U,4608,NGB,3387,HRB,3400,321
3U,4608,NGB,3387,KHN,3384,321
3U,4608,NGB,3387,KMG,3382,320
3U,4608,NGB,3387,SHE,4144,321
3U,4608,NGB,3387,SYX,4030,321
3U,4608,NKG,3388,CGQ,4380,320
3U,4608,NKG,3388,CKG,3393,319
3U,4608,NKG,3388,CTU,3395,319 320
3U,4608,NKG,3388,DYG,6353,319
3U,4608,NKG,3388,HRB,3400,319
3U,4608,NKG,3388,KMG,3382,320
3U,4608,NKG,3388,MIG,6400,319
3U,4608,NKG,3388,SYX,4030,320
3U,4608,NNG,3373,CKG,3393,319
3U,4608,NNG,3373,CTU,3395,319 320
3U,4608,NNG,3373,SGN,3205,320
3U,4608,NNG,3373,WUH,3376,321
3U,4608,NTG,5475,WUH,3376,319
3U,4608,NZH,6954,HRB,3400,321
3U,4608,PEK,3364,CKG,3393,319 321 320
3U,4608,PEK,3364,CTU,3395,321 320 330
3U,4608,PEK,3364,WXN,6403,320
3U,4608,PEK,3364,ZHY,8043,320
3U,4608,PVG,3406,CKG,3393,320 319
3U,4608,PVG,3406,CTU,3395,330 321
3U,4608,PVG,3406,SPN,2244,330
3U,4608,PZI,6435,CKG,3393,319
3U,4608,PZI,6435,CTU,3395,319
3U,4608,SGN,3205,NNG,3373,320
3U,4608,SHE,4144,CSX,3371,320
3U,4608,SHE,4144,CTU,3395,330
3U,4608,SHE,4144,DSN,6434,319
3U,4608,SHE,4144,NGB,3387,321
3U,4608,SHE,4144,TYN,3369,321
3U,4608,SHE,4144,XUZ,4149,320
3U,4608,SHE,4144,YVR,156,330
3U,4608,SJW,6347,CTU,3395,320
3U,4608,SJW,6347,HRB,3400,321
3U,4608,SJW,6347,KWL,3372,321
3U,4608,SPN,2244,CAN,3370,330
3U,4608,SPN,2244,PVG,3406,330
3U,4608,SWA,4302,CKG,3393,319
3U,4608,SYD,3361,CKG,3393,330
3U,4608,SYX,4030,CKG,3393,320
3U,4608,SYX,4030,CTU,3395,321
3U,4608,SYX,4030,KWE,3394,321
3U,4608,SYX,4030,KWL,3372,320
3U,4608,SYX,4030,MIG,6400,320
3U,4608,SYX,4030,NGB,3387,321
3U,4608,SYX,4030,NKG,3388,320
3U,4608,SYX,4030,TNA,4108,321
3U,4608,SYX,4030,WNZ,6392,321
3U,4608,SYX,4030,YBP,4110,319
3U,4608,SZX,3374,CKG,3393,320
3U,4608,SZX,3374,CTU,3395,320 321
3U,4608,SZX,3374,WXN,6403,319
3U,4608,TAO,3390,CTU,3395,321
3U,4608,TAO,3390,KMG,3382,320
3U,4608,TNA,4108,CGQ,4380,321
3U,4608,TNA,4108,CKG,3393,321
3U,4608,TNA,4108,CTU,3395,321
3U,4608,TNA,4108,DLC,3404,321
3U,4608,TNA,4108,HRB,3400,320 321
3U,4608,TNA,4108,KMG,3382,320
3U,4608,TNA,4108,SYX,4030,321
3U,4608,TNA,4108,XIY,3379,320
3U,4608,TPE,2276,KMG,3382,320
3U,4608,TSA,2275,CKG,3393,320
3U,4608,TSA,2275,CTU,3395,320
3U,4608,TSN,3368,CGQ,4380,320 319
3U,4608,TSN,3368,CKG,3393,319
3U,4608,TSN,3368,CTU,3395,321
3U,4608,TSN,3368,HGH,3386,320
3U,4608,TSN,3368,HRB,3400,321
3U,4608,TSN,3368,LHW,3378,321
3U,4608,TVS,8858,TYN,3369,319
3U,4608,TYN,3369,CKG,3393,321
3U,4608,TYN,3369,CTU,3395,319
3U,4608,TYN,3369,DAT,6344,319
3U,4608,TYN,3369,HGH,3386,320
3U,4608,TYN,3369,SHE,4144,321
3U,4608,TYN,3369,TVS,8858,319
3U,4608,URC,3399,CGO,3375,320
3U,4608,URC,3399,CKG,3393,320
3U,4608,URC,3399,CTU,3395,319 330
3U,4608,URC,3399,KHG,3397,319
3U,4608,URC,3399,XIY,3379,319
3U,4608,UYN,6368,XIY,3379,319
3U,4608,WNZ,6392,CSX,3371,319
3U,4608,WNZ,6392,CTU,3395,320
3U,4608,WNZ,6392,HRB,3400,321
3U,4608,WNZ,6392,KWE,3394,320
3U,4608,WNZ,6392,SYX,4030,321
3U,4608,WUH,3376,CKG,3393,319
3U,4608,WUH,3376,CTU,3395,319
3U,4608,WUH,3376,HRB,3400,321
3U,4608,WUH,3376,JJN,6386,319
3U,4608,WUH,3376,NNG,3373,321
3U,4608,WUH,3376,NTG,5475,319
3U,4608,WUX,6390,CKG,3393,319
3U,4608,WUX,6390,CTU,3395,320
3U,4608,WXN,6403,CTU,3395,319
3U,4608,WXN,6403,KMG,3382,320
3U,4608,WXN,6403,PEK,3364,320
3U,4608,WXN,6403,SZX,3374,319
3U,4608,XIC,3396,CTU,3395,320
3U,4608,XIY,3379,BHY,6351,321
3U,4608,XIY,3379,CKG,3393,319
3U,4608,XIY,3379,CTU,3395,320 319
3U,4608,XIY,3379,FOC,3385,319
3U,4608,XIY,3379,GXH,9311,319
3U,4608,XIY,3379,HRB,3400,321
3U,4608,XIY,3379,KMG,3382,320
3U,4608,XIY,3379,LXA,4097,319
3U,4608,XIY,3379,LYI,6385,319 320
3U,4608,XIY,3379,TNA,4108,320
3U,4608,XIY,3379,URC,3399,319
3U,4608,XIY,3379,UYN,6368,319
3U,4608,XIY,3379,XMN,3383,319
3U,4608,XIY,3379,XNN,6366,319
3U,4608,XIY,3379,YBP,4110,319
3U,4608,XMN,3383,CSX,3371,321
3U,4608,XMN,3383,CTU,3395,320
3U,4608,XMN,3383,CZX,4109,321
3U,4608,XMN,3383,KMG,3382,320
3U,4608,XMN,3383,KOW,6379,320
3U,4608,XMN,3383,XIY,3379,319
3U,4608,XNN,6366,CKG,3393,320
3U,4608,XNN,6366,CTU,3395,320
3U,4608,XNN,6366,LXA,4097,319
3U,4608,XNN,6366,MIG,6400,320
3U,4608,XNN,6366,XIY,3379,319
3U,4608,XNN,6366,ZHY,8043,320
3U,4608,XUZ,4149,CTU,3395,320
3U,4608,XUZ,4149,DLC,3404,320
3U,4608,XUZ,4149,HRB,3400,320 321
3U,4608,XUZ,4149,KMG,3382,320
3U,4608,XUZ,4149,KWE,3394,321
3U,4608,XUZ,4149,SHE,4144,320
3U,4608,YBP,4110,SYX,4030,319
3U,4608,YBP,4110,XIY,3379,319
3U,4608,YIH,6361,CKG,3393,319
3U,4608,YIH,6361,CTU,3395,320
3U,4608,YIH,6361,HKG,3077,320
3U,4608,YTY,8876,CTU,3395,319
3U,4608,YVR,156,SHE,4144,330
3U,4608,ZHA,6357,CKG,3393,319
3U,4608,ZHA,6357,HKG,3077,319
3U,4608,ZHY,8043,PEK,3364,320
3U,4608,ZHY,8043,XNN,6366,320
3U,4608,ZUH,6355,CZX,4109,320
3U,4608,ZUH,6355,HAK,4120,320
4B,20565,LAS,3877,LAX,3484,PL2
4B,20565,LAX,3484,LAS,3877,PL2
4D,442,CAI,1128,TLV,1590,E70
4D,442,TLV,1590,CAI,1128,E70
4E,\N,MCG,5965,NIB,7214,PAG
4E,\N,MCG,5965,TCT,7215,PAG
4E,\N,NIB,7214,MCG,5965,PAG
4E,\N,TCT,7215,TLJ,3423,PAG
4E,\N,TLJ,3423,MCG,5965,PAG
4G,2524,EYK,8428,VKO,2988,YK2
4G,2524,NCU,6151,VKO,2988,73G
4G,2524,NUX,4364,TJM,4111,TU5
4G,2524,NUX,4364,UFA,2992,TU5
4G,2524,NUX,4364,VKO,2988,73G TU5
4G,2524,NYM,6143,OVS,6140,YK4
4G,2524,NYM,6143,VKO,2988,73G
4G,2524,OVS,6140,NYM,6143,YK4
4G,2524,OVS,6140,SVX,2975,YK4
4G,2524,OVS,6140,VKO,2988,YK2
4G,2524,SVX,2975,OVS,6140,YK4
4G,2524,TJM,4111,NUX,4364,TU5
4G,2524,UCT,4368,VKO,2988,YK2
4G,2524,UFA,2992,NUX,4364,TU5
4G,2524,VKO,2988,EYK,8428,YK2
4G,2524,VKO,2988,NCU,6151,73G
4G,2524,VKO,2988,NUX,4364,73G TU5
4G,2524,VKO,2988,NYM,6143,73G
4G,2524,VKO,2988,OVS,6140,YK2
4G,2524,VKO,2988,UCT,4368,YK2
4H,8463,BKK,3885,DAC,3076,AT7
4H,8463,BZL,6176,DAC,3076,DH8
4H,8463,CCU,3043,CGP,3069,AT7
4H,8463,CCU,3043,DAC,3076,AT7
4H,8463,CGP,3069,CCU,3043,AT7
4H,8463,CGP,3069,DAC,3076,DH8
4H,8463,CGP,3069,MCT,2194,313
4H,8463,CXB,3068,DAC,3076,DH8
4H,8463,DAC,3076,BKK,3885,AT7
4H,8463,DAC,3076,BZL,6176,DH8
4H,8463,DAC,3076,CCU,3043,AT7
4H,8463,DAC,3076,CGP,3069,DH8
4H,8463,DAC,3076,CXB,3068,DH8
4H,8463,DAC,3076,DXB,2188,313
4H,8463,DAC,3076,JED,2072,313
4H,8463,DAC,3076,JSR,3071,DH8
4H,8463,DAC,3076,KTM,3125,AT7
4H,8463,DAC,3076,KUL,3304,AT7
4H,8463,DAC,3076,MCT,2194,313
4H,8463,DAC,3076,SPD,3073,DH8
4H,8463,DAC,3076,ZYL,3074,313
4H,8463,DXB,2188,DAC,3076,313
4H,8463,JED,2072,DAC,3076,313
4H,8463,JSR,3071,DAC,3076,DH8
4H,8463,KTM,3125,DAC,3076,AT7
4H,8463,KUL,3304,DAC,3076,AT7
4H,8463,MCT,2194,CGP,3069,313
4H,8463,MCT,2194,DAC,3076,313
4H,8463,RJH,3072,DAC,3076,DH8
4H,8463,SPD,3073,DAC,3076,DH8
4H,8463,SPD,3073,RJH,3072,DH8
4H,8463,ZYL,3074,DAC,3076,313
4K,29,YGZ,5498,YRB,128,DHT
4K,29,YRB,128,YGZ,5498,DHT
4M,3201,DFW,3670,EZE,3988,777
4M,3201,EZE,3988,DFW,3670,777
4M,3201,EZE,3988,JFK,3797,777
4M,3201,EZE,3988,MIA,3576,777 763
4M,3201,EZE,3988,PUJ,1760,763
4M,3201,JFK,3797,EZE,3988,777
4M,3201,MIA,3576,EZE,3988,777 763
4M,3201,MIA,3576,PUJ,1760,763
4M,3201,PUJ,1760,EZE,3988,763
4M,3201,PUJ,1760,MIA,3576,763
4N,341,YEG,49,YXY,176,737
4N,341,YLW,87,YVR,156,737
4N,341,YLW,87,YXY,176,737
4N,341,YOW,100,YZF,196,737
4N,341,YVR,156,YLW,87,737
4N,341,YVR,156,YXY,176,737
4N,341,YXY,176,YLW,87,737
4N,341,YXY,176,YVR,156,737
4N,341,YXY,176,YYC,178,737
4N,341,YXY,176,YZF,196,737
4N,341,YYC,178,YEG,49,737
4N,341,YZF,196,YOW,100,737
4N,341,YZF,196,YXY,176,737
4O,17885,ACA,1783,MEX,1824,320
4O,17885,ACA,1783,TLC,1850,320
4O,17885,AGU,1785,MEX,1824,SU9
4O,17885,BOG,2709,MEX,1824,320
4O,17885,CEN,1794,MEX,1824,320
4O,17885,CJS,1796,MEX,1824,320
4O,17885,CME,1789,MEX,1824,320
4O,17885,CPE,1795,MEX,1824,SU9
4O,17885,CTM,1793,MEX,1824,320
4O,17885,CUL,1792,MEX,1824,320
4O,17885,CUN,1852,MEX,1824,320
4O,17885,CUN,1852,MTY,1825,320
4O,17885,CUN,1852,TLC,1850,320
4O,17885,CUU,1797,MEX,1824,320
4O,17885,CZM,1800,MEX,1824,320
4O,17885,GDL,1804,MEX,1824,320
4O,17885,GDL,1804,MTY,1825,320
4O,17885,GDL,1804,SAT,3621,320
4O,17885,GDL,1804,SJD,1840,320
4O,17885,GDL,1804,SNA,3867,320
4O,17885,GDL,1804,TIJ,1847,320
4O,17885,GUA,1767,MEX,1824,320
4O,17885,HAV,1909,MEX,1824,320
4O,17885,HMO,1807,MEX,1824,320
4O,17885,HUX,1786,MEX,1824,320
4O,17885,JFK,3797,MEX,1824,320
4O,17885,LAP,1816,MEX,1824,SU9
4O,17885,LAS,3877,MTY,1825,320
4O,17885,LAS,3877,TLC,1850,320
4O,17885,MEX,1824,ACA,1783,320
4O,17885,MEX,1824,AGU,1785,SU9
4O,17885,MEX,1824,BOG,2709,320
4O,17885,MEX,1824,CEN,1794,320
4O,17885,MEX,1824,CJS,1796,320
4O,17885,MEX,1824,CME,1789,320
4O,17885,MEX,1824,CPE,1795,SU9
4O,17885,MEX,1824,CTM,1793,320
4O,17885,MEX,1824,CUL,1792,320
4O,17885,MEX,1824,CUN,1852,320
4O,17885,MEX,1824,CUU,1797,320
4O,17885,MEX,1824,CZM,1800,320
4O,17885,MEX,1824,GDL,1804,320
4O,17885,MEX,1824,GUA,1767,320
4O,17885,MEX,1824,HAV,1909,320
4O,17885,MEX,1824,HMO,1807,320
4O,17885,MEX,1824,HUX,1786,320
4O,17885,MEX,1824,JFK,3797,320
4O,17885,MEX,1824,LAP,1816,SU9
4O,17885,MEX,1824,MIA,3576,320
4O,17885,MEX,1824,MID,1819,320
4O,17885,MEX,1824,MTT,1822,SU9
4O,17885,MEX,1824,MTY,1825,320
4O,17885,MEX,1824,MZT,1826,SU9
4O,17885,MEX,1824,OAX,1829,320
4O,17885,MEX,1824,PQM,\N,SU9
4O,17885,MEX,1824,PVR,1836,320
4O,17885,MEX,1824,REX,1839,SU9
4O,17885,MEX,1824,SAT,3621,320
4O,17885,MEX,1824,SJD,1840,320
4O,17885,MEX,1824,SJO,1885,320
4O,17885,MEX,1824,SNA,3867,320
4O,17885,MEX,1824,TAM,1848,320
4O,17885,MEX,1824,TGZ,1846,320
4O,17885,MEX,1824,TIJ,1847,320
4O,17885,MEX,1824,TRC,1845,SU9
4O,17885,MEX,1824,VER,1854,320
4O,17885,MEX,1824,VSA,1853,320
4O,17885,MEX,1824,ZCL,1855,SU9
4O,17885,MEX,1824,ZIH,1856,320
4O,17885,MEX,1824,ZLO,1858,SU9
4O,17885,MIA,3576,MEX,1824,320
4O,17885,MID,1819,MEX,1824,320
4O,17885,MTT,1822,MEX,1824,SU9
4O,17885,MTY,1825,CUN,1852,320
4O,17885,MTY,1825,GDL,1804,320
4O,17885,MTY,1825,LAS,3877,320
4O,17885,MTY,1825,MEX,1824,320
4O,17885,MTY,1825,SAT,3621,320
4O,17885,MTY,1825,TLC,1850,320
4O,17885,MZT,1826,MEX,1824,SU9
4O,17885,OAX,1829,MEX,1824,320
4O,17885,PQM,\N,MEX,1824,SU9
4O,17885,PVR,1836,MEX,1824,320
4O,17885,PVR,1836,TLC,1850,320
4O,17885,REX,1839,MEX,1824,SU9
4O,17885,SAT,3621,GDL,1804,320
4O,17885,SAT,3621,MEX,1824,320
4O,17885,SAT,3621,MTY,1825,320
4O,17885,SAT,3621,TLC,1850,320
4O,17885,SJD,1840,GDL,1804,320
4O,17885,SJD,1840,MEX,1824,320
4O,17885,SJD,1840,TLC,1850,320
4O,17885,SJO,1885,MEX,1824,320
4O,17885,SNA,3867,GDL,1804,320
4O,17885,SNA,3867,MEX,1824,320
4O,17885,TAM,1848,MEX,1824,320
4O,17885,TGZ,1846,MEX,1824,320
4O,17885,TIJ,1847,GDL,1804,320
4O,17885,TIJ,1847,MEX,1824,320
4O,17885,TLC,1850,ACA,1783,320
4O,17885,TLC,1850,CUN,1852,320
4O,17885,TLC,1850,LAS,3877,320
4O,17885,TLC,1850,MTY,1825,320
4O,17885,TLC,1850,PVR,1836,320
4O,17885,TLC,1850,SAT,3621,320
4O,17885,TLC,1850,SJD,1840,320
4O,17885,TLC,1850,ZIH,1856,320
4O,17885,TRC,1845,MEX,1824,SU9
4O,17885,VER,1854,MEX,1824,320
4O,17885,VSA,1853,MEX,1824,320
4O,17885,ZCL,1855,MEX,1824,SU9
4O,17885,ZIH,1856,MEX,1824,320
4O,17885,ZIH,1856,TLC,1850,320
4O,17885,ZLO,1858,MEX,1824,SU9
4Q,10758,DEL,3093,HEA,2048,320
4Q,10758,DEL,3093,KBL,2050,320
4Q,10758,DXB,2188,KBL,2050,319
4Q,10758,HEA,2048,DEL,3093,320
4Q,10758,HEA,2048,ISB,2223,319
4Q,10758,HEA,2048,KBL,2050,319 320
4Q,10758,ISB,2223,HEA,2048,319
4Q,10758,ISB,2223,KBL,2050,319
4Q,10758,KBL,2050,DEL,3093,320
4Q,10758,KBL,2050,DXB,2188,319
4Q,10758,KBL,2050,HEA,2048,319 320
4Q,10758,KBL,2050,ISB,2223,319
4Q,10758,KBL,2050,MZR,2053,319
4Q,10758,MZR,2053,KBL,2050,319
4T,1401,AYT,1688,ZRH,1678,320
4T,1401,BSL,1423,HRG,1130,320
4T,1401,HRG,1130,BSL,1423,320
4T,1401,HRG,1130,ZRH,1678,320
4T,1401,PRN,1742,ZRH,1678,320
4T,1401,RMF,4197,ZRH,1678,320
4T,1401,SKP,1737,ZRH,1678,320
4T,1401,ZRH,1678,AYT,1688,320
4T,1401,ZRH,1678,HRG,1130,320
4T,1401,ZRH,1678,PRN,1742,320
4T,1401,ZRH,1678,RMF,4197,320
4T,1401,ZRH,1678,SKP,1737,320
4U,2548,AGP,1230,STR,350,320 319
4U,2548,AGP,1230,TXL,351,319
4U,2548,ALG,210,CGN,344,319
4U,2548,AMS,580,HAM,342,CRJ
4U,2548,AOI,4309,DUS,345,CRJ
4U,2548,AOI,4309,TXL,351,CRJ
4U,2548,ARN,737,CGN,344,CRJ
4U,2548,ARN,737,DUS,345,CRJ
4U,2548,ARN,737,HAM,342,CRJ
4U,2548,ATH,3941,CGN,344,319
4U,2548,ATH,3941,STR,350,319
4U,2548,AYT,1688,CGN,344,320
4U,2548,BCN,1218,CGN,344,320 319
4U,2548,BCN,1218,DUS,345,320 319
4U,2548,BCN,1218,HAJ,352,319
4U,2548,BCN,1218,HAM,342,319
4U,2548,BCN,1218,STR,350,319 320
4U,2548,BDS,1506,STR,350,319
4U,2548,BEG,1739,STR,350,319
4U,2548,BGO,636,HAM,342,CRJ
4U,2548,BHX,469,HAM,342,CRJ
4U,2548,BHX,469,TXL,351,319
4U,2548,BIA,1321,CGN,344,319
4U,2548,BIA,1321,DUS,345,320
4U,2548,BIA,1321,HAM,342,CRJ
4U,2548,BIA,1321,STR,350,319
4U,2548,BIA,1321,TXL,351,320
4U,2548,BIO,1216,DUS,345,CRJ
4U,2548,BIO,1216,STR,350,CRJ 319
4U,2548,BLQ,1538,CGN,344,319
4U,2548,BLQ,1538,TXL,351,319
4U,2548,BRE,353,STR,350,319 CRJ
4U,2548,BRI,1501,CGN,344,319
4U,2548,BRI,1501,DUS,345,CRJ
4U,2548,BRI,1501,STR,350,319
4U,2548,BRU,302,STR,350,319 CRJ
4U,2548,BSL,1423,DUS,345,CRJ
4U,2548,BUD,1489,CGN,344,319 320 CRJ
4U,2548,BUD,1489,HAM,342,CRJ
4U,2548,BUD,1489,STR,350,319 CRJ
4U,2548,CAG,1519,CGN,344,319
4U,2548,CAG,1519,DUS,345,CRJ
4U,2548,CAG,1519,STR,350,319
4U,2548,CDG,1382,HAM,342,319 CRJ
4U,2548,CFU,1460,CGN,344,320 319
4U,2548,CFU,1460,DRS,338,319
4U,2548,CFU,1460,STR,350,319
4U,2548,CGN,344,ALG,210,319
4U,2548,CGN,344,ARN,737,CRJ
4U,2548,CGN,344,ATH,3941,319
4U,2548,CGN,344,AYT,1688,320
4U,2548,CGN,344,BCN,1218,320 319
4U,2548,CGN,344,BIA,1321,319
4U,2548,CGN,344,BLQ,1538,319
4U,2548,CGN,344,BRI,1501,319
4U,2548,CGN,344,BUD,1489,319 320 CRJ
4U,2548,CGN,344,CAG,1519,319
4U,2548,CGN,344,CFU,1460,320 319
4U,2548,CGN,344,CLY,1322,319
4U,2548,CGN,344,CTA,1509,319
4U,2548,CGN,344,DBV,1200,319
4U,2548,CGN,344,DRS,338,319 CRJ
4U,2548,CGN,344,DUB,599,319
4U,2548,CGN,344,EDI,535,319
4U,2548,CGN,344,FAO,1626,319 320
4U,2548,CGN,344,FCO,1555,319 320
4U,2548,CGN,344,FDH,382,319 CRJ
4U,2548,CGN,344,HAM,342,319 CRJ
4U,2548,CGN,344,HDF,5557,CRJ
4U,2548,CGN,344,HER,1452,320 319
4U,2548,CGN,344,IBZ,1225,320 319
4U,2548,CGN,344,JMK,1468,319
4U,2548,CGN,344,JTR,1479,319
4U,2548,CGN,344,KGS,1458,319
4U,2548,CGN,344,KLU,4322,CRJ
4U,2548,CGN,344,KVA,1462,319 320
4U,2548,CGN,344,LEJ,348,CRJ 319 320
4U,2548,CGN,344,LHR,507,319 320
4U,2548,CGN,344,LIS,1638,319 320
4U,2548,CGN,344,LPA,1054,319
4U,2548,CGN,344,MAN,478,319
4U,2548,CGN,344,MXP,1524,319 CRJ
4U,2548,CGN,344,NAP,1561,319 320
4U,2548,CGN,344,NCE,1354,319 320
4U,2548,CGN,344,NDR,5673,319
4U,2548,CGN,344,OLB,1520,319
4U,2548,CGN,344,PMI,3998,320 319
4U,2548,CGN,344,PMO,1512,319 CRJ
4U,2548,CGN,344,PRG,1587,319 320 CRJ
4U,2548,CGN,344,PSA,1562,319
4U,2548,CGN,344,PUY,1203,319 CRJ
4U,2548,CGN,344,RAK,1075,319
4U,2548,CGN,344,RHO,1472,320
4U,2548,CGN,344,RJK,1205,319
4U,2548,CGN,344,RLG,772,319
4U,2548,CGN,344,SAW,4317,319 320
4U,2548,CGN,344,SJJ,1646,319
4U,2548,CGN,344,SKG,1486,319 320
4U,2548,CGN,344,SPU,1206,319
4U,2548,CGN,344,STN,548,319
4U,2548,CGN,344,SUF,1508,319
4U,2548,CGN,344,SZG,1612,319
4U,2548,CGN,344,TLV,1590,319 320
4U,2548,CGN,344,TUN,287,319
4U,2548,CGN,344,TXL,351,319 320
4U,2548,CGN,344,VCE,1551,320 319
4U,2548,CGN,344,VIE,1613,319 320
4U,2548,CGN,344,VRN,1550,319
4U,2548,CGN,344,WAW,679,CRJ
4U,2548,CGN,344,XRY,1226,319
4U,2548,CGN,344,ZAD,1209,319
4U,2548,CGN,344,ZAG,1208,CRJ 319
4U,2548,CGN,344,ZRH,1678,320 319
4U,2548,CLY,1322,CGN,344,319
4U,2548,CTA,1509,CGN,344,319
4U,2548,CTA,1509,DUS,345,CRJ
4U,2548,CTA,1509,HAJ,352,319
4U,2548,CTA,1509,HAM,342,319
4U,2548,CTA,1509,STR,350,319
4U,2548,CTA,1509,TXL,351,319
4U,2548,CWL,488,DUS,345,CRJ
4U,2548,DBV,1200,CGN,344,319
4U,2548,DBV,1200,DUS,345,CRJ
4U,2548,DBV,1200,HAJ,352,319
4U,2548,DBV,1200,HAM,342,319
4U,2548,DBV,1200,STR,350,319
4U,2548,DBV,1200,TXL,351,320
4U,2548,DRS,338,CFU,1460,319
4U,2548,DRS,338,CGN,344,319 CRJ
4U,2548,DRS,338,DUS,345,319 CRJ
4U,2548,DRS,338,STR,350,319 CRJ
4U,2548,DTM,373,HDF,5557,319
4U,2548,DTM,373,MUC,346,319
4U,2548,DTM,373,PMI,3998,319 320
4U,2548,DTM,373,SAW,4317,319
4U,2548,DTM,373,SPU,1206,319
4U,2548,DUB,599,CGN,344,319
4U,2548,DUB,599,DUS,345,CRJ
4U,2548,DUS,345,AOI,4309,CRJ
4U,2548,DUS,345,ARN,737,CRJ
4U,2548,DUS,345,BCN,1218,320 319
4U,2548,DUS,345,BIA,1321,320
4U,2548,DUS,345,BIO,1216,CRJ
4U,2548,DUS,345,BRI,1501,CRJ
4U,2548,DUS,345,BSL,1423,CRJ
4U,2548,DUS,345,CAG,1519,CRJ
4U,2548,DUS,345,CTA,1509,CRJ
4U,2548,DUS,345,CWL,488,CRJ
4U,2548,DUS,345,DBV,1200,CRJ
4U,2548,DUS,345,DRS,338,319 CRJ
4U,2548,DUS,345,DUB,599,CRJ
4U,2548,DUS,345,GVA,1665,CRJ
4U,2548,DUS,345,HDF,5557,CRJ
4U,2548,DUS,345,HER,1452,319
4U,2548,DUS,345,IBZ,1225,320
4U,2548,DUS,345,KTW,671,CRJ
4U,2548,DUS,345,LEJ,348,CRJ
4U,2548,DUS,345,LYS,1335,CRJ
4U,2548,DUS,345,MAD,1229,CRJ
4U,2548,DUS,345,MPL,1359,CRJ
4U,2548,DUS,345,MXP,1524,CRJ 320
4U,2548,DUS,345,NQY,481,CRJ
4U,2548,DUS,345,NUE,347,CRJ
4U,2548,DUS,345,OLB,1520,CRJ
4U,2548,DUS,345,PMI,3998,320
4U,2548,DUS,345,POZ,674,CRJ
4U,2548,DUS,345,PRG,1587,CRJ
4U,2548,DUS,345,PRN,1742,319
4U,2548,DUS,345,SKG,1486,319 320
4U,2548,DUS,345,SPU,1206,319
4U,2548,DUS,345,SUF,1508,CRJ
4U,2548,DUS,345,TRN,1526,CRJ
4U,2548,DUS,345,VCE,1551,320 319
4U,2548,DUS,345,WAW,679,CRJ
4U,2548,DUS,345,WRO,680,CRJ
4U,2548,DUS,345,ZAD,1209,CRJ
4U,2548,EDI,535,CGN,344,319
4U,2548,FAO,1626,CGN,344,319 320
4U,2548,FAO,1626,HAM,342,319
4U,2548,FAO,1626,STR,350,319 320
4U,2548,FCO,1555,CGN,344,319 320
4U,2548,FCO,1555,HAJ,352,319
4U,2548,FCO,1555,HAM,342,319
4U,2548,FCO,1555,STR,350,319
4U,2548,FCO,1555,TXL,351,319
4U,2548,FDH,382,CGN,344,319 CRJ
4U,2548,FKB,4166,HAM,342,CRJ
4U,2548,FMM,3986,HAM,342,CRJ
4U,2548,FMM,3986,TXL,351,CRJ
4U,2548,FRA,340,HDF,5557,CRJ
4U,2548,GVA,1665,DUS,345,CRJ
4U,2548,GVA,1665,HAM,342,CRJ
4U,2548,HAJ,352,BCN,1218,319
4U,2548,HAJ,352,CTA,1509,319
4U,2548,HAJ,352,DBV,1200,319
4U,2548,HAJ,352,FCO,1555,319
4U,2548,HAJ,352,HER,1452,319
4U,2548,HAJ,352,MXP,1524,319
4U,2548,HAJ,352,NAP,1561,319
4U,2548,HAJ,352,PMI,3998,319
4U,2548,HAJ,352,PRN,1742,319
4U,2548,HAJ,352,SAW,4317,319
4U,2548,HAJ,352,SKG,1486,319
4U,2548,HAJ,352,SPU,1206,319
4U,2548,HAJ,352,STN,548,319
4U,2548,HAJ,352,STR,350,319
4U,2548,HAJ,352,SUF,1508,319
4U,2548,HAJ,352,VCE,1551,319
4U,2548,HAJ,352,VIE,1613,319
4U,2548,HAM,342,AMS,580,CRJ
4U,2548,HAM,342,ARN,737,CRJ
4U,2548,HAM,342,BCN,1218,319
4U,2548,HAM,342,BGO,636,CRJ
4U,2548,HAM,342,BHX,469,CRJ
4U,2548,HAM,342,BIA,1321,CRJ
4U,2548,HAM,342,BUD,1489,CRJ
4U,2548,HAM,342,CDG,1382,319 CRJ
4U,2548,HAM,342,CGN,344,319 CRJ
4U,2548,HAM,342,CTA,1509,319
4U,2548,HAM,342,DBV,1200,319
4U,2548,HAM,342,FAO,1626,319
4U,2548,HAM,342,FCO,1555,319
4U,2548,HAM,342,FKB,4166,CRJ
4U,2548,HAM,342,FMM,3986,CRJ
4U,2548,HAM,342,GVA,1665,CRJ
4U,2548,HAM,342,HER,1452,319
4U,2548,HAM,342,KLU,4322,319 CRJ
4U,2548,HAM,342,LHR,507,319 CRJ
4U,2548,HAM,342,MAD,1229,CRJ
4U,2548,HAM,342,MAN,478,CRJ
4U,2548,HAM,342,MXP,1524,319 CRJ
4U,2548,HAM,342,NAP,1561,319
4U,2548,HAM,342,NCE,1354,319
4U,2548,HAM,342,NUE,347,CRJ
4U,2548,HAM,342,OLB,1520,319
4U,2548,HAM,342,OSL,644,CRJ
4U,2548,HAM,342,PMI,3998,319
4U,2548,HAM,342,PRG,1587,CRJ
4U,2548,HAM,342,PRN,1742,319
4U,2548,HAM,342,RJK,1205,319
4U,2548,HAM,342,SAW,4317,319
4U,2548,HAM,342,SKG,1486,319
4U,2548,HAM,342,SPU,1206,319
4U,2548,HAM,342,STR,350,319 CRJ
4U,2548,HAM,342,TLS,1273,CRJ
4U,2548,HAM,342,VCE,1551,319 CRJ
4U,2548,HAM,342,VIE,1613,319 CRJ
4U,2548,HAM,342,VRN,1550,CRJ
4U,2548,HAM,342,ZRH,1678,319 CRJ
4U,2548,HDF,5557,CGN,344,CRJ
4U,2548,HDF,5557,DTM,373,319
4U,2548,HDF,5557,DUS,345,CRJ
4U,2548,HDF,5557,FRA,340,CRJ
4U,2548,HDF,5557,STR,350,CRJ
4U,2548,HEL,421,TXL,351,319
4U,2548,HER,1452,CGN,344,320 319
4U,2548,HER,1452,DUS,345,319
4U,2548,HER,1452,HAJ,352,319
4U,2548,HER,1452,HAM,342,319
4U,2548,HER,1452,STR,350,319
4U,2548,HER,1452,TXL,351,319
4U,2548,IBZ,1225,CGN,344,320 319
4U,2548,IBZ,1225,DUS,345,320
4U,2548,IBZ,1225,STR,350,319
4U,2548,IBZ,1225,TXL,351,319
4U,2548,JMK,1468,CGN,344,319
4U,2548,JTR,1479,CGN,344,319
4U,2548,KGS,1458,CGN,344,319
4U,2548,KLU,4322,CGN,344,CRJ
4U,2548,KLU,4322,HAM,342,319 CRJ
4U,2548,KLU,4322,TXL,351,319 CRJ
4U,2548,KRK,669,STR,350,CRJ
4U,2548,KTW,671,DUS,345,CRJ
4U,2548,KVA,1462,CGN,344,319 320
4U,2548,KVA,1462,STR,350,319
4U,2548,LEJ,348,CGN,344,CRJ 319 320
4U,2548,LEJ,348,DUS,345,CRJ
4U,2548,LEJ,348,STR,350,319 CRJ
4U,2548,LHR,507,CGN,344,319 320
4U,2548,LHR,507,HAM,342,319 CRJ
4U,2548,LHR,507,STR,350,319 320
4U,2548,LHR,507,TXL,351,319 320
4U,2548,LIN,1529,TXL,351,319
4U,2548,LIS,1638,CGN,344,319 320
4U,2548,LIS,1638,STR,350,319
4U,2548,LPA,1054,CGN,344,319
4U,2548,LYS,1335,DUS,345,CRJ
4U,2548,MAD,1229,DUS,345,CRJ
4U,2548,MAD,1229,HAM,342,CRJ
4U,2548,MAN,478,CGN,344,319
4U,2548,MAN,478,HAM,342,CRJ
4U,2548,MPL,1359,DUS,345,CRJ
4U,2548,MUC,346,DTM,373,319
4U,2548,MXP,1524,CGN,344,319 CRJ
4U,2548,MXP,1524,DUS,345,CRJ 320
4U,2548,MXP,1524,HAJ,352,319
4U,2548,MXP,1524,HAM,342,319 CRJ
4U,2548,MXP,1524,STR,350,CRJ 319
4U,2548,NAP,1561,CGN,344,319 320
4U,2548,NAP,1561,HAJ,352,319
4U,2548,NAP,1561,HAM,342,319
4U,2548,NAP,1561,STR,350,319
4U,2548,NCE,1354,CGN,344,319 320
4U,2548,NCE,1354,HAM,342,319
4U,2548,NCE,1354,TXL,351,319
4U,2548,NDR,5673,CGN,344,319
4U,2548,NQY,481,DUS,345,CRJ
4U,2548,NUE,347,DUS,345,CRJ
4U,2548,NUE,347,HAM,342,CRJ
4U,2548,NUE,347,TXL,351,319
4U,2548,OLB,1520,CGN,344,319
4U,2548,OLB,1520,DUS,345,CRJ
4U,2548,OLB,1520,HAM,342,319
4U,2548,OLB,1520,STR,350,319
4U,2548,OSL,644,HAM,342,CRJ
4U,2548,PMI,3998,CGN,344,320 319
4U,2548,PMI,3998,DTM,373,319 320
4U,2548,PMI,3998,DUS,345,320
4U,2548,PMI,3998,HAJ,352,319
4U,2548,PMI,3998,HAM,342,319
4U,2548,PMI,3998,STR,350,319 320
4U,2548,PMI,3998,TXL,351,320
4U,2548,PMO,1512,CGN,344,319 CRJ
4U,2548,POZ,674,DUS,345,CRJ
4U,2548,PRG,1587,CGN,344,319 320 CRJ
4U,2548,PRG,1587,DUS,345,CRJ
4U,2548,PRG,1587,HAM,342,CRJ
4U,2548,PRN,1742,DUS,345,319
4U,2548,PRN,1742,HAJ,352,319
4U,2548,PRN,1742,HAM,342,319
4U,2548,PRN,1742,STR,350,319
4U,2548,PRN,1742,TXL,351,319
4U,2548,PSA,1562,CGN,344,319
4U,2548,PUY,1203,CGN,344,319 CRJ
4U,2548,RAK,1075,CGN,344,319
4U,2548,RHO,1472,CGN,344,320
4U,2548,RJK,1205,CGN,344,319
4U,2548,RJK,1205,HAM,342,319
4U,2548,RJK,1205,STR,350,319
4U,2548,RLG,772,CGN,344,319
4U,2548,RLG,772,STR,350,319
4U,2548,SAW,4317,CGN,344,319 320
4U,2548,SAW,4317,DTM,373,319
4U,2548,SAW,4317,HAJ,352,319
4U,2548,SAW,4317,HAM,342,319
4U,2548,SAW,4317,STR,350,319
4U,2548,SAW,4317,TXL,351,319
4U,2548,SJJ,1646,CGN,344,319
4U,2548,SJJ,1646,STR,350,319
4U,2548,SJJ,1646,TXL,351,319
4U,2548,SKG,1486,CGN,344,319 320
4U,2548,SKG,1486,DUS,345,319 320
4U,2548,SKG,1486,HAJ,352,319
4U,2548,SKG,1486,HAM,342,319
4U,2548,SKG,1486,STR,350,319 320
4U,2548,SPU,1206,CGN,344,319
4U,2548,SPU,1206,DTM,373,319
4U,2548,SPU,1206,DUS,345,319
4U,2548,SPU,1206,HAJ,352,319
4U,2548,SPU,1206,HAM,342,319
4U,2548,SPU,1206,STR,350,319 320
4U,2548,SPU,1206,TXL,351,319
4U,2548,STN,548,CGN,344,319
4U,2548,STN,548,HAJ,352,319
4U,2548,STN,548,STR,350,319
4U,2548,STR,350,AGP,1230,320 319
4U,2548,STR,350,ATH,3941,319
4U,2548,STR,350,BCN,1218,319 320
4U,2548,STR,350,BDS,1506,319
4U,2548,STR,350,BEG,1739,319
4U,2548,STR,350,BIA,1321,319
4U,2548,STR,350,BIO,1216,CRJ 319
4U,2548,STR,350,BRE,353,319 CRJ
4U,2548,STR,350,BRI,1501,319
4U,2548,STR,350,BRU,302,319 CRJ
4U,2548,STR,350,BUD,1489,319 CRJ
4U,2548,STR,350,CAG,1519,319
4U,2548,STR,350,CFU,1460,319
4U,2548,STR,350,CTA,1509,319
4U,2548,STR,350,DBV,1200,319
4U,2548,STR,350,DRS,338,319 CRJ
4U,2548,STR,350,FAO,1626,319 320
4U,2548,STR,350,FCO,1555,319
4U,2548,STR,350,HAJ,352,319
4U,2548,STR,350,HAM,342,319 CRJ
4U,2548,STR,350,HDF,5557,CRJ
4U,2548,STR,350,HER,1452,319
4U,2548,STR,350,IBZ,1225,319
4U,2548,STR,350,KRK,669,CRJ
4U,2548,STR,350,KVA,1462,319
4U,2548,STR,350,LEJ,348,319 CRJ
4U,2548,STR,350,LHR,507,319 320
4U,2548,STR,350,LIS,1638,319
4U,2548,STR,350,MXP,1524,CRJ 319
4U,2548,STR,350,NAP,1561,319
4U,2548,STR,350,OLB,1520,319
4U,2548,STR,350,PMI,3998,319 320
4U,2548,STR,350,PRN,1742,319
4U,2548,STR,350,RJK,1205,319
4U,2548,STR,350,RLG,772,319
4U,2548,STR,350,SAW,4317,319
4U,2548,STR,350,SJJ,1646,319
4U,2548,STR,350,SKG,1486,319 320
4U,2548,STR,350,SPU,1206,319 320
4U,2548,STR,350,STN,548,319
4U,2548,STR,350,SUF,1508,319
4U,2548,STR,350,TXL,351,320 319 CRJ
4U,2548,STR,350,VIE,1613,319 320 CRJ
4U,2548,STR,350,ZAD,1209,319
4U,2548,STR,350,ZAG,1208,319
4U,2548,SUF,1508,CGN,344,319
4U,2548,SUF,1508,DUS,345,CRJ
4U,2548,SUF,1508,HAJ,352,319
4U,2548,SUF,1508,STR,350,319
4U,2548,SZG,1612,CGN,344,319
4U,2548,TLS,1273,HAM,342,CRJ
4U,2548,TLV,1590,CGN,344,319 320
4U,2548,TRN,1526,DUS,345,CRJ
4U,2548,TUN,287,CGN,344,319
4U,2548,TXL,351,AGP,1230,319
4U,2548,TXL,351,AOI,4309,CRJ
4U,2548,TXL,351,BHX,469,319
4U,2548,TXL,351,BIA,1321,320
4U,2548,TXL,351,BLQ,1538,319
4U,2548,TXL,351,CGN,344,320 319
4U,2548,TXL,351,CTA,1509,319
4U,2548,TXL,351,DBV,1200,320
4U,2548,TXL,351,FCO,1555,319
4U,2548,TXL,351,FMM,3986,CRJ
4U,2548,TXL,351,HEL,421,319
4U,2548,TXL,351,HER,1452,319
4U,2548,TXL,351,IBZ,1225,319
4U,2548,TXL,351,KLU,4322,319 CRJ
4U,2548,TXL,351,LHR,507,319 320
4U,2548,TXL,351,LIN,1529,319
4U,2548,TXL,351,NCE,1354,319
4U,2548,TXL,351,NUE,347,319
4U,2548,TXL,351,PMI,3998,320
4U,2548,TXL,351,PRN,1742,319
4U,2548,TXL,351,SAW,4317,319
4U,2548,TXL,351,SJJ,1646,319
4U,2548,TXL,351,SPU,1206,319
4U,2548,TXL,351,STR,350,319 320 CRJ
4U,2548,TXL,351,VIE,1613,319 320
4U,2548,TXL,351,VRN,1550,319
4U,2548,TXL,351,ZAD,1209,319
4U,2548,VCE,1551,CGN,344,320 319
4U,2548,VCE,1551,DUS,345,320 319
4U,2548,VCE,1551,HAJ,352,319
4U,2548,VCE,1551,HAM,342,319 CRJ
4U,2548,VIE,1613,CGN,344,319 320
4U,2548,VIE,1613,HAJ,352,319
4U,2548,VIE,1613,HAM,342,319 CRJ
4U,2548,VIE,1613,STR,350,319 320 CRJ
4U,2548,VIE,1613,TXL,351,319 320
4U,2548,VRN,1550,CGN,344,319
4U,2548,VRN,1550,HAM,342,CRJ
4U,2548,VRN,1550,TXL,351,319
4U,2548,WAW,679,CGN,344,CRJ
4U,2548,WAW,679,DUS,345,CRJ
4U,2548,WRO,680,DUS,345,CRJ
4U,2548,XRY,1226,CGN,344,319
4U,2548,ZAD,1209,CGN,344,319
4U,2548,ZAD,1209,DUS,345,CRJ
4U,2548,ZAD,1209,STR,350,319
4U,2548,ZAD,1209,TXL,351,319
4U,2548,ZAG,1208,CGN,344,CRJ 319
4U,2548,ZAG,1208,STR,350,319
4U,2548,ZRH,1678,CGN,344,320 319
4U,2548,ZRH,1678,HAM,342,319 CRJ
4W,\N,AKP,6712,FAI,3832,PA2
4W,\N,BTT,3417,AKP,6712,PA2
4W,\N,BTT,3417,CXF,7119,PA2
4W,\N,CEM,7116,IRC,7236,PA2
4W,\N,CIK,7105,FAI,3832,PA2
4W,\N,CIK,7105,FYU,3420,PA2
4W,\N,CXF,7119,AKP,6712,PA2
4W,\N,FAI,3832,BTT,3417,PA2
4W,\N,FAI,3832,CEM,7116,PA2
4W,\N,FAI,3832,CIK,7105,PA2
4W,\N,FAI,3832,FYU,3420,PA2
4W,\N,FAI,3832,MLY,7246,CN1
4W,\N,FAI,3832,RMP,7112,CN1
4W,\N,FAI,3832,SVS,9741,PA2
4W,\N,FAI,3832,TAL,7113,PA2
4W,\N,FAI,3832,WBQ,7115,PA2
4W,\N,FYU,3420,CIK,7105,PA2
4W,\N,FYU,3420,FAI,3832,PA2
4W,\N,IRC,7236,FAI,3832,PA2
4W,\N,MLY,7246,MNT,7110,CN1
4W,\N,MNT,7110,FAI,3832,CN1
4W,\N,RMP,7112,FAI,3832,CN1
4W,\N,SVS,9741,FAI,3832,PA2
4W,\N,SVS,9741,WBQ,7115,PA2
4W,\N,TAL,7113,FAI,3832,PA2
4W,\N,WBQ,7115,FAI,3832,PA2
4W,\N,WBQ,7115,SVS,9741,PA2
4Y,1173,AKI,7217,TLT,7218,CNA
4Y,1173,ATT,4385,KUK,7094,CNA
4Y,1173,BET,3599,ATT,4385,CNA
4Y,1173,BET,3599,EEK,7093,CNA
4Y,1173,BET,3599,GNU,8202,CNA
4Y,1173,BET,3599,KPN,7201,CNA
4Y,1173,BET,3599,KWN,7206,CNA
4Y,1173,BET,3599,KWT,7095,CNA
4Y,1173,BET,3599,MLL,7097,CNA
4Y,1173,BET,3599,NME,8199,CNA
4Y,1173,BET,3599,WNA,9739,CNA
4Y,1173,BET,3599,WTL,7099,CNA
4Y,1173,CYF,6960,BET,3599,CNA
4Y,1173,EEK,7093,BET,3599,CNA
4Y,1173,EEK,7093,KWN,7206,CNA
4Y,1173,GNU,8202,PTU,3430,CNA
4Y,1173,KKH,7213,KWK,7096,CNA
4Y,1173,KKI,9742,AKI,7217,CNA
4Y,1173,KPN,7201,CYF,6960,CNA
4Y,1173,KUK,7094,NUP,7212,CNA
4Y,1173,KWK,7096,BET,3599,CNA
4Y,1173,KWN,7206,BET,3599,CNA
4Y,1173,KWN,7206,EEK,7093,CNA
4Y,1173,KWT,7095,KKI,9742,CNA
4Y,1173,MLL,7097,PQS,7216,CNA
4Y,1173,NME,8199,OOK,8200,CNA
4Y,1173,NUP,7212,BET,3599,CNA
4Y,1173,OOK,8200,TNK,8201,CNA
4Y,1173,PKA,9744,BET,3599,CNA
4Y,1173,PQS,7216,BET,3599,CNA
4Y,1173,PTU,3430,BET,3599,CNA
4Y,1173,TLT,7218,BET,3599,CNA
4Y,1173,TNK,8201,WWT,8203,CNA
4Y,1173,WNA,9739,PKA,9744,CNA
4Y,1173,WTL,7099,KKH,7213,CNA
4Y,1173,WWT,8203,BET,3599,CNA
5C,1581,BOC,1865,SJO,1885,DHT
5C,1581,DRK,6945,SJO,1885,DHT
5C,1581,FON,6731,XQP,1889,DHT
5C,1581,GLF,1879,PJM,5847,DHT
5C,1581,LIR,1881,SJO,1885,DHT
5C,1581,LIR,1881,SYQ,5848,DHT
5C,1581,LIR,1881,TNO,5844,DHT
5C,1581,MGA,1863,SJO,1885,DHT
5C,1581,NOB,1884,TMU,6732,CNA
5C,1581,PJM,5847,SJO,1885,DHT
5C,1581,PMZ,1887,SJO,1885,CNA
5C,1581,SJO,1885,BOC,1865,DHT
5C,1581,SJO,1885,DRK,6945,DHT
5C,1581,SJO,1885,FON,6731,DHT
5C,1581,SJO,1885,GLF,1879,DHT
5C,1581,SJO,1885,MGA,1863,DHT
5C,1581,SJO,1885,NOB,1884,CNA
5C,1581,SJO,1885,PJM,5847,DHT
5C,1581,SJO,1885,TMU,6732,DHT
5C,1581,SJO,1885,TNO,5844,DHT
5C,1581,SJO,1885,TTQ,5842,CNA
5C,1581,SJO,1885,XQP,1889,CNA DHT
5C,1581,SYQ,5848,LIR,1881,DHT
5C,1581,TMU,6732,SJO,1885,CNA DHT
5C,1581,TNO,5844,LIR,1881,DHT
5C,1581,TNO,5844,SJO,1885,DHT
5C,1581,TTQ,5842,SJO,1885,CNA
5C,1581,XQP,1889,PMZ,1887,CNA
5C,1581,XQP,1889,SJO,1885,CNA DHT
5G,4496,ACC,248,KMS,5556,AT7
5G,4496,KMS,5556,ACC,248,AT7
5H,8576,EDL,1138,LOK,1143,DH8
5H,8576,EDL,1138,NBO,4059,DH8 CRJ
5H,8576,JUB,1173,NBO,4059,CRJ
5H,8576,KIS,1140,EDL,1138,CRJ
5H,8576,KIS,1140,NBO,4059,CRJ CNA
5H,8576,LAU,1144,MYD,5694,DH8
5H,8576,LOK,1143,EDL,1138,DH8
5H,8576,MBA,1145,NBO,4059,CRJ
5H,8576,MBA,1145,ZNZ,1186,CRJ
5H,8576,MYD,5694,LAU,1144,DH8
5H,8576,MYD,5694,NBO,4059,DH8
5H,8576,NBO,4059,EDL,1138,DH8 CRJ
5H,8576,NBO,4059,JUB,1173,CRJ
5H,8576,NBO,4059,KIS,1140,CRJ
5H,8576,NBO,4059,LOK,1143,DH8
5H,8576,NBO,4059,MBA,1145,CRJ
5H,8576,NBO,4059,MYD,5694,DH8
5H,8576,ZNZ,1186,MBA,1145,CRJ
5J,1683,BCD,2423,CEB,4206,320 ATR
5J,1683,BCD,2423,CGY,2400,ATR
5J,1683,BCD,2423,DVO,4090,320
5J,1683,BCD,2423,MNL,2397,320 319
5J,1683,BKI,3269,MNL,2397,320
5J,1683,BKK,3885,MNL,2397,320
5J,1683,BWN,3272,MNL,2397,320
5J,1683,BXU,4200,CEB,4206,319
5J,1683,BXU,4200,MNL,2397,320
5J,1683,CAN,3370,MNL,2397,320
5J,1683,CBO,2399,MNL,2397,319 320
5J,1683,CEB,4206,BCD,2423,320 ATR
5J,1683,CEB,4206,BXU,4200,319
5J,1683,CEB,4206,CGM,6012,ATR
5J,1683,CEB,4206,CGY,2400,ATR 320 319
5J,1683,CEB,4206,CRK,4140,319
5J,1683,CEB,4206,DGT,2425,ATR
5J,1683,CEB,4206,DPL,4201,ATR
5J,1683,CEB,4206,DVO,4090,320 319
5J,1683,CEB,4206,GES,2402,320
5J,1683,CEB,4206,HKG,3077,320
5J,1683,CEB,4206,IAO,6974,ATR
5J,1683,CEB,4206,ICN,3930,320
5J,1683,CEB,4206,ILO,2429,319 320
5J,1683,CEB,4206,KLO,2430,320
5J,1683,CEB,4206,LGP,4203,ATR
5J,1683,CEB,4206,MNL,2397,319 320 330 ATR
5J,1683,CEB,4206,MPH,2426,ATR
5J,1683,CEB,4206,OZC,4204,ATR
5J,1683,CEB,4206,PAG,2401,ATR
5J,1683,CEB,4206,PPS,2433,320
5J,1683,CEB,4206,PUS,2372,320
5J,1683,CEB,4206,SIN,3316,320
5J,1683,CEB,4206,SUG,6016,ATR
5J,1683,CEB,4206,TAC,2422,ATR 319
5J,1683,CEB,4206,USU,4199,ATR
5J,1683,CEB,4206,ZAM,2404,319
5J,1683,CGK,3275,MNL,2397,320
5J,1683,CGM,6012,CEB,4206,ATR
5J,1683,CGY,2400,BCD,2423,ATR
5J,1683,CGY,2400,CEB,4206,320 ATR 319
5J,1683,CGY,2400,DVO,4090,ATR
5J,1683,CGY,2400,ILO,2429,319
5J,1683,CGY,2400,MNL,2397,320 319
5J,1683,CRK,4140,CEB,4206,319
5J,1683,CRK,4140,HKG,3077,319
5J,1683,CRK,4140,MFM,3121,319
5J,1683,CRK,4140,SIN,3316,319
5J,1683,CYZ,6733,MNL,2397,319
5J,1683,DGT,2425,CEB,4206,ATR
5J,1683,DGT,2425,MNL,2397,319
5J,1683,DPL,4201,CEB,4206,ATR
5J,1683,DPL,4201,DVO,4090,ATR
5J,1683,DPL,4201,MNL,2397,320 319
5J,1683,DPS,3940,MNL,2397,320
5J,1683,DVO,4090,BCD,2423,320
5J,1683,DVO,4090,CEB,4206,320 319
5J,1683,DVO,4090,CGY,2400,ATR
5J,1683,DVO,4090,DPL,4201,ATR
5J,1683,DVO,4090,ILO,2429,320 319
5J,1683,DVO,4090,MNL,2397,320 330
5J,1683,DVO,4090,PPS,2433,319
5J,1683,DVO,4090,ZAM,2404,319
5J,1683,DXB,2188,MNL,2397,330
5J,1683,GES,2402,CEB,4206,320
5J,1683,GES,2402,ILO,2429,319
5J,1683,GES,2402,MNL,2397,320
5J,1683,HAN,3199,MNL,2397,319
5J,1683,HKG,3077,CEB,4206,320
5J,1683,HKG,3077,CRK,4140,319
5J,1683,HKG,3077,ILO,2429,319
5J,1683,HKG,3077,MNL,2397,320
5J,1683,HKT,3179,MNL,2397,320
5J,1683,IAO,6974,CEB,4206,ATR
5J,1683,ICN,3930,CEB,4206,320
5J,1683,ICN,3930,KLO,2430,320
5J,1683,ICN,3930,MNL,2397,330
5J,1683,ILO,2429,CEB,4206,319 320
5J,1683,ILO,2429,CGY,2400,319
5J,1683,ILO,2429,DVO,4090,320 319
5J,1683,ILO,2429,GES,2402,319
5J,1683,ILO,2429,HKG,3077,319
5J,1683,ILO,2429,MNL,2397,320 319
5J,1683,ILO,2429,PPS,2433,319
5J,1683,ILO,2429,SIN,3316,319
5J,1683,KIX,3992,MNL,2397,320
5J,1683,KLO,2430,CEB,4206,320
5J,1683,KLO,2430,ICN,3930,320
5J,1683,KLO,2430,MNL,2397,320 ATR 319
5J,1683,KUL,3304,MNL,2397,320
5J,1683,LAO,4202,MNL,2397,319
5J,1683,LGP,4203,CEB,4206,ATR
5J,1683,LGP,4203,MNL,2397,320 319
5J,1683,MFM,3121,CRK,4140,319
5J,1683,MFM,3121,MNL,2397,319
5J,1683,MNL,2397,BCD,2423,320 319
5J,1683,MNL,2397,BKI,3269,320
5J,1683,MNL,2397,BKK,3885,320
5J,1683,MNL,2397,BWN,3272,320
5J,1683,MNL,2397,BXU,4200,320
5J,1683,MNL,2397,CAN,3370,320
5J,1683,MNL,2397,CBO,2399,319 320
5J,1683,MNL,2397,CEB,4206,319 320 330 ATR
5J,1683,MNL,2397,CGK,3275,320
5J,1683,MNL,2397,CGY,2400,320 319
5J,1683,MNL,2397,CYZ,6733,319
5J,1683,MNL,2397,DGT,2425,319
5J,1683,MNL,2397,DPL,4201,320 319
5J,1683,MNL,2397,DPS,3940,320
5J,1683,MNL,2397,DVO,4090,320 330
5J,1683,MNL,2397,DXB,2188,330
5J,1683,MNL,2397,GES,2402,320
5J,1683,MNL,2397,HAN,3199,319
5J,1683,MNL,2397,HKG,3077,320
5J,1683,MNL,2397,HKT,3179,320
5J,1683,MNL,2397,ICN,3930,330
5J,1683,MNL,2397,ILO,2429,320 319
5J,1683,MNL,2397,KIX,3992,320
5J,1683,MNL,2397,KLO,2430,320 ATR 319
5J,1683,MNL,2397,KUL,3304,320
5J,1683,MNL,2397,LAO,4202,319
5J,1683,MNL,2397,LGP,4203,320 319
5J,1683,MNL,2397,MFM,3121,319
5J,1683,MNL,2397,MPH,2426,ATR
5J,1683,MNL,2397,NGO,3942,320
5J,1683,MNL,2397,NRT,2279,320
5J,1683,MNL,2397,OZC,4204,320
5J,1683,MNL,2397,PAG,2401,319 320
5J,1683,MNL,2397,PEK,3364,320
5J,1683,MNL,2397,PPS,2433,320 319
5J,1683,MNL,2397,PUS,2372,320
5J,1683,MNL,2397,PVG,3406,320
5J,1683,MNL,2397,REP,3035,320
5J,1683,MNL,2397,RXS,6026,320
5J,1683,MNL,2397,SGN,3205,320
5J,1683,MNL,2397,SIN,3316,330 320
5J,1683,MNL,2397,SJI,2409,319
5J,1683,MNL,2397,TAC,2422,320
5J,1683,MNL,2397,TAG,3994,319
5J,1683,MNL,2397,TPE,2276,320
5J,1683,MNL,2397,TUG,6021,319
5J,1683,MNL,2397,USU,4199,ATR
5J,1683,MNL,2397,VRC,6022,319
5J,1683,MNL,2397,WNP,6018,ATR
5J,1683,MNL,2397,XMN,3383,320
5J,1683,MNL,2397,ZAM,2404,320
5J,1683,MPH,2426,CEB,4206,ATR
5J,1683,MPH,2426,MNL,2397,ATR
5J,1683,NGO,3942,MNL,2397,320
5J,1683,NRT,2279,MNL,2397,320
5J,1683,OZC,4204,CEB,4206,ATR
5J,1683,OZC,4204,MNL,2397,320
5J,1683,PAG,2401,CEB,4206,ATR
5J,1683,PAG,2401,MNL,2397,319 320
5J,1683,PEK,3364,MNL,2397,320
5J,1683,PPS,2433,CEB,4206,320
5J,1683,PPS,2433,DVO,4090,319
5J,1683,PPS,2433,ILO,2429,319
5J,1683,PPS,2433,MNL,2397,320 319
5J,1683,PUS,2372,CEB,4206,320
5J,1683,PUS,2372,MNL,2397,320
5J,1683,PVG,3406,MNL,2397,320
5J,1683,REP,3035,MNL,2397,320
5J,1683,RXS,6026,MNL,2397,320
5J,1683,SGN,3205,MNL,2397,320
5J,1683,SIN,3316,CEB,4206,320
5J,1683,SIN,3316,CRK,4140,319
5J,1683,SIN,3316,ILO,2429,319
5J,1683,SIN,3316,MNL,2397,320 330
5J,1683,SJI,2409,MNL,2397,319
5J,1683,SUG,6016,CEB,4206,ATR
5J,1683,TAC,2422,CEB,4206,ATR 319
5J,1683,TAC,2422,MNL,2397,320
5J,1683,TAG,3994,MNL,2397,319
5J,1683,TPE,2276,MNL,2397,320
5J,1683,TUG,6021,MNL,2397,319
5J,1683,USU,4199,CEB,4206,ATR
5J,1683,USU,4199,MNL,2397,ATR
5J,1683,VRC,6022,MNL,2397,319
5J,1683,WNP,6018,MNL,2397,ATR
5J,1683,XMN,3383,MNL,2397,320
5J,1683,ZAM,2404,CEB,4206,319
5J,1683,ZAM,2404,DVO,4090,319
5J,1683,ZAM,2404,MNL,2397,320
5M,4436,ANU,2874,NEV,6079,BNI
5M,4436,NEV,6079,ANU,2874,BNI
5N,503,ARH,4362,CSH,6110,AN4
5N,503,ARH,4362,LED,2948,735
5N,503,ARH,4362,MMK,2949,AN4
5N,503,ARH,4362,NNM,4371,AT5
5N,503,ARH,4362,SVO,2985,735
5N,503,ARH,4362,USK,4369,AN4
5N,503,CSH,6110,ARH,4362,AN4
5N,503,LED,2948,ARH,4362,735
5N,503,LED,2948,MMK,2949,735
5N,503,LED,2948,SCW,2989,735
5N,503,MMK,2949,ARH,4362,AN4
5N,503,MMK,2949,LED,2948,735
5N,503,MMK,2949,SVO,2985,735
5N,503,MMK,2949,TOS,663,AN4
5N,503,NNM,4371,ARH,4362,AT5
5N,503,SCW,2989,LED,2948,735
5N,503,SCW,2989,SVO,2985,735
5N,503,SVO,2985,ARH,4362,735
5N,503,SVO,2985,MMK,2949,735
5N,503,SVO,2985,SCW,2989,735
5N,503,TOS,663,MMK,2949,AN4
5N,503,USK,4369,ARH,4362,AN4
5P,10650,ANF,2651,IQQ,2649,737
5P,10650,CCP,2656,SCL,2650,737
5P,10650,IQQ,2649,SCL,2650,737
5P,10650,SCL,2650,ANF,2651,737
5Q,18232,AEP,2442,MVD,2816,AT7
5Q,18232,AEP,2442,PDP,6777,AT7
5Q,18232,ASU,2699,MVD,2816,AT7
5Q,18232,CWB,2545,MVD,2816,AT7
5Q,18232,EZE,3988,MVD,2816,AT7
5Q,18232,GIG,2560,MVD,2816,AT7 319
5Q,18232,GRU,2564,MVD,2816,AT7 319
5Q,18232,MVD,2816,AEP,2442,AT7
5Q,18232,MVD,2816,ASU,2699,AT7
5Q,18232,MVD,2816,CWB,2545,AT7
5Q,18232,MVD,2816,EZE,3988,AT7
5Q,18232,MVD,2816,GIG,2560,AT7 319
5Q,18232,MVD,2816,GRU,2564,319 AT7
5Q,18232,MVD,2816,POA,2599,AT7
5Q,18232,MVD,2816,SCL,2650,319
5Q,18232,PDP,6777,AEP,2442,AT7
5Q,18232,POA,2599,MVD,2816,AT7
5Q,18232,SCL,2650,MVD,2816,319
5T,1623,YBK,29,YCS,5487,ATR
5T,1623,YBK,29,YXN,5534,ATR
5T,1623,YCB,32,YCO,37,DH8 73M
5T,1623,YCB,32,YYH,183,DH8
5T,1623,YCB,32,YZF,196,DH8 73M
5T,1623,YCO,37,YCB,32,DH8 73M
5T,1623,YCO,37,YZF,196,DH8 73M
5T,1623,YCS,5487,YBK,29,AT4
5T,1623,YCS,5487,YRT,132,ATR AT4
5T,1623,YCY,40,YFB,55,DH8
5T,1623,YCY,40,YIO,75,DH8
5T,1623,YEG,49,YZF,196,73M 733
5T,1623,YEK,50,YXN,5534,ATR AT4
5T,1623,YEK,50,YYQ,187,ATR AT4
5T,1623,YEV,54,YVQ,155,73M 733
5T,1623,YFB,55,YCY,40,DH8
5T,1623,YFB,55,YGT,5495,BE1 DH8
5T,1623,YFB,55,YOW,100,73M
5T,1623,YFB,55,YRT,132,73M
5T,1623,YFB,55,YTE,140,BE1 DH8
5T,1623,YFB,55,YUX,148,BE1 DH8
5T,1623,YFB,55,YXP,170,DH8
5T,1623,YGT,5495,YFB,55,DH8
5T,1623,YGT,5495,YIO,75,DH8
5T,1623,YGT,5495,YUX,148,DH8 BE1
5T,1623,YHK,69,YYH,183,DH8
