,clust,Customer,State,Customer Lifetime Value,Response,Coverage,Education,Effective To Date,EmploymentStatus,Gender,Income,Location Code,Marital Status,Monthly Premium Auto,Months Since Last Claim,Months Since Policy Inception,Number of Open Complaints,Number of Policies,Policy Type,Policy,Renew Offer Type,Sales Channel,Total Claim Amount,Vehicle Class,Vehicle Size,Vehicle Size
0,0,39,4,2763.519279,0,0,0,54,1,0,56274,1,1,69,32,5,0,1,0,2,0,0,384.811147,5,1,1
1,0,376,0,6979.535903,0,1,0,36,4,0,0,1,2,94,13,42,0,8,1,5,2,0,1131.464935,0,1,1
2,4,7,2,12887.43165,0,2,0,49,1,0,48767,1,1,108,18,38,0,2,1,5,0,0,566.472247,5,1,1
3,1,524,1,7645.861827,0,0,0,25,4,1,0,1,1,106,18,65,0,7,0,1,0,2,529.881344,3,1,1
4,2,160,4,2813.692575,0,0,0,5,1,1,43836,0,2,73,12,44,0,1,1,3,0,0,138.130879,0,1,1
5,3,311,3,8256.2978,1,0,0,30,1,0,62902,0,1,69,14,94,0,2,1,5,1,3,159.383042,5,1,1
6,0,549,3,5380.898636,1,0,1,54,1,0,55350,1,1,67,0,13,0,9,0,2,0,0,321.6,0,1,1
7,2,50,0,7216.100311,0,2,4,23,4,1,0,2,2,101,0,68,0,4,0,2,0,0,363.02968,0,1,1
8,3,89,3,24127.50402,1,0,0,31,2,1,14072,1,0,71,13,3,0,2,0,2,0,0,511.2,0,1,1
9,0,33,3,7388.178085,0,1,1,47,1,0,28812,2,1,93,17,7,0,8,2,7,1,1,425.527834,0,1,1
10,2,437,1,4738.992022,0,0,1,51,4,1,0,1,2,67,23,5,0,3,1,5,0,0,482.4,0,2,2
11,0,502,1,8197.197078,0,0,1,10,4,0,0,1,1,110,27,87,0,3,1,5,1,0,528.0,3,1,1
12,2,80,1,8798.797003,0,2,4,11,1,1,77026,2,1,110,9,82,2,3,0,0,1,0,472.029737,0,1,1
13,1,419,0,8819.018934,1,0,3,37,1,1,99845,1,1,110,23,25,1,8,0,2,1,1,528.0,3,1,1
14,1,195,1,5384.431665,0,0,1,23,1,1,83689,2,2,70,21,10,2,8,0,2,3,2,307.139132,0,1,1
15,0,41,3,7463.139377,0,0,0,22,1,0,24599,0,1,64,12,50,1,2,0,1,1,1,42.920271,0,1,1
16,1,132,2,2566.867823,0,0,3,11,2,1,25049,1,1,67,14,7,0,1,1,5,1,2,454.245098,5,1,1
17,1,313,1,3945.241604,0,0,1,8,2,1,28855,1,1,101,12,59,0,1,1,4,2,2,647.442031,3,1,1
18,1,511,3,5710.333115,0,0,1,57,1,1,51148,2,1,72,9,1,0,7,1,4,1,1,308.981664,0,1,1
19,0,122,1,8162.617053,0,2,3,19,1,0,66140,1,1,101,11,21,0,3,0,1,0,2,484.8,0,2,2
20,1,579,3,2872.051273,0,0,3,49,1,1,57749,1,2,74,31,21,0,1,1,4,0,1,355.2,5,1,1
21,0,432,4,3041.791561,0,1,0,26,0,0,13789,1,0,79,8,49,0,1,1,5,3,2,379.2,0,1,1
22,3,553,0,24127.50402,1,0,0,31,2,1,14072,1,0,71,13,3,0,2,1,5,0,0,511.2,0,1,1
23,0,459,2,2450.190996,0,0,0,54,4,0,0,1,2,73,4,44,3,1,0,2,0,1,554.376763,0,1,1
24,0,175,1,2392.10789,0,0,0,9,0,0,17870,1,1,61,30,91,0,1,0,1,1,1,439.2,0,1,1
25,1,129,3,5802.065978,0,0,1,34,1,1,97541,1,1,72,22,1,0,3,1,5,1,2,389.185006,0,0,0
26,0,485,1,3946.372085,0,2,0,58,4,0,0,1,2,111,15,47,0,1,1,5,0,0,799.2,0,2,2
27,0,177,4,5346.916576,0,1,4,42,0,0,10511,2,1,139,33,64,0,1,0,0,0,1,516.237951,3,1,1
28,0,141,0,12902.56014,0,2,1,3,1,0,86584,1,2,111,33,54,2,2,1,5,0,2,532.8,0,0,0
29,0,94,3,3235.360468,0,1,4,13,1,0,75690,1,1,80,17,44,1,1,1,5,1,1,384.0,0,2,2
30,1,433,0,2454.58354,0,0,1,58,1,1,23158,1,1,63,4,6,1,1,1,4,3,2,322.294043,0,2,2
31,2,478,2,18975.45611,0,1,3,27,1,1,65999,2,1,237,1,14,0,6,0,1,1,0,615.927769,2,1,1
32,2,340,1,4715.321344,0,0,0,30,4,1,0,2,1,65,19,56,0,3,1,5,0,2,308.15089,0,1,1
33,1,10,4,5018.885233,0,0,0,23,1,1,54500,1,1,63,28,17,0,6,0,1,0,0,302.4,5,2,2
34,1,421,3,4932.916345,0,0,0,43,1,0,37260,0,1,62,19,42,0,8,0,0,2,3,15.437681,0,1,1
35,0,571,0,5744.229745,0,0,3,20,1,0,68987,2,1,71,11,40,0,6,1,3,0,1,204.475147,0,1,1
36,4,255,1,13891.73567,0,2,0,14,1,1,42305,1,1,117,10,62,0,2,1,5,0,0,561.6,0,2,2
37,0,79,3,7380.976717,0,1,4,11,1,0,65706,1,1,91,19,86,0,8,1,5,1,3,436.8,0,2,2
38,2,54,3,3090.034104,0,1,0,30,4,1,0,1,2,90,7,79,0,1,1,4,2,0,648.0,5,2,2
39,2,510,0,2521.633095,0,0,3,13,1,1,53243,0,0,66,4,15,2,1,1,5,0,2,157.397849,0,1,1
40,0,360,2,2652.061785,0,0,3,23,4,0,0,1,1,70,7,1,1,1,0,2,2,2,484.318536,5,1,1
41,3,274,3,2771.045031,1,0,1,39,1,0,50071,0,2,71,3,32,0,1,0,2,1,0,18.918935,5,1,1
42,3,193,1,3939.00637,1,1,0,33,1,0,60021,1,1,99,12,28,0,1,1,4,1,0,882.871945,0,2,2
43,1,428,0,12231.87968,0,0,3,15,1,1,43244,1,1,103,15,16,0,2,1,4,3,0,494.4,4,1,1
44,1,75,4,2443.665166,0,0,1,53,1,1,92834,1,1,61,15,56,0,1,2,7,1,2,292.8,0,0,0
45,4,168,3,12819.10289,0,2,2,30,0,0,10105,0,1,172,5,4,3,3,1,4,0,1,0.517753,3,1,1
46,2,37,0,4468.510542,0,0,0,36,4,1,0,1,2,73,7,57,3,5,1,5,2,2,579.165954,0,1,1
47,0,535,3,5514.344018,0,0,3,2,1,0,23218,1,2,71,7,10,0,4,1,4,3,0,447.79344,5,1,1
48,0,247,1,3343.875326,0,1,0,13,4,0,0,1,1,92,11,77,0,1,0,1,1,2,529.624084,0,1,1
49,0,418,0,2294.478927,0,0,3,23,4,0,0,1,1,62,11,56,0,1,1,4,3,1,313.023175,0,1,1
50,1,513,3,36707.42639,0,0,1,22,1,1,24804,1,1,104,1,28,0,2,1,4,0,0,593.830288,3,2,2
51,3,352,1,33473.34946,1,0,0,39,1,0,33190,1,0,106,18,95,0,2,0,0,0,3,508.8,3,1,1
52,0,382,2,7983.431709,0,0,3,51,1,0,36014,0,1,69,4,40,3,2,2,6,3,1,173.956072,0,1,1
53,1,540,4,4854.745666,0,0,0,46,1,1,29834,1,2,64,19,44,0,3,1,5,3,0,307.2,0,1,1
54,4,126,1,4293.997319,0,2,0,22,0,1,16701,1,1,113,20,26,0,1,1,4,0,1,831.625979,0,2,2
55,0,438,0,7164.395543,0,1,1,9,1,0,46623,1,0,91,1,53,0,3,0,2,2,2,436.8,0,2,2
56,2,11,1,7619.5158,0,0,1,43,1,1,64749,2,1,64,24,59,0,2,2,7,1,1,302.56519,0,1,1
57,0,128,0,3958.002823,0,0,3,53,4,0,0,1,1,101,29,12,0,1,1,4,0,2,484.8,3,2,2
58,0,280,3,4499.493252,0,1,3,33,0,0,16969,1,0,124,34,47,2,1,1,5,0,2,704.768111,3,1,1
59,4,465,3,4059.567414,0,2,4,58,0,0,11621,1,0,108,4,98,0,1,1,3,0,0,518.4,0,1,1
60,3,45,0,4458.113369,1,0,0,2,3,1,17622,1,0,65,1,36,1,3,1,3,0,0,312.0,0,1,1
61,4,405,1,8110.333139,0,2,0,27,2,0,11489,1,1,105,4,50,0,6,1,5,0,2,504.0,5,2,2
62,2,118,3,3339.764873,0,1,0,20,4,1,0,1,2,94,20,53,0,1,1,5,0,0,863.327324,5,2,2
63,0,303,1,24261.01777,0,0,3,32,1,0,66525,0,1,100,0,86,0,2,1,5,0,0,104.331355,3,1,1
64,0,508,0,6613.973653,0,0,0,28,4,0,0,1,2,63,21,28,0,2,1,5,2,1,676.391482,0,0,0
65,1,425,4,2930.693543,0,0,1,36,1,1,33663,1,1,73,29,71,0,1,1,5,2,3,350.4,0,1,1
66,0,123,3,8672.194272,0,0,1,31,1,0,22547,1,0,112,7,60,0,3,0,2,0,0,537.6,3,1,1
67,2,81,0,11638.66926,0,1,3,37,1,0,61486,2,1,97,5,65,0,2,1,5,3,1,465.258644,5,2,2
68,3,157,3,6846.150323,1,1,0,32,4,0,0,1,0,95,13,20,0,5,1,5,0,2,456.0,5,0,0
69,0,411,1,11727.77648,0,2,1,16,0,0,29879,1,1,102,17,0,0,2,1,5,2,3,500.254235,0,1,1
70,1,353,3,22643.83478,0,0,3,54,1,1,93011,0,0,113,17,12,0,2,1,5,3,0,281.451042,3,1,1
71,2,285,3,2614.474305,0,0,4,40,1,1,65186,0,1,65,29,27,0,1,1,4,1,3,5.434505,5,0,0
72,2,185,3,2451.752695,0,0,4,42,2,1,26840,1,1,64,1,47,2,1,1,3,0,0,307.2,0,1,1
73,1,159,3,6781.270203,0,0,0,7,4,1,0,1,2,104,30,3,1,5,1,5,0,0,982.399613,4,1,1
74,3,31,3,4974.801539,1,0,0,23,1,1,75644,1,0,65,5,68,3,9,1,5,1,1,467.803638,5,1,1
75,1,573,3,8591.604933,0,0,0,40,1,1,38984,1,1,73,27,38,0,2,1,5,1,1,350.4,0,2,2
76,0,90,3,5592.161392,0,0,3,1,1,0,71811,0,2,71,17,48,0,6,1,3,1,2,29.03416,0,1,1
77,1,545,2,8009.472833,0,0,1,45,1,1,20961,1,1,67,20,33,0,2,1,3,1,0,321.6,0,1,1
78,2,265,4,11318.08982,0,1,1,11,1,1,38923,0,1,99,6,83,2,2,1,5,0,0,115.728852,0,1,1
79,2,322,1,58166.55351,0,0,0,57,1,1,61321,0,2,186,0,30,1,2,1,5,1,1,427.63121,1,2,2
80,0,584,1,8025.229358,0,1,1,31,4,0,0,0,2,77,20,26,0,2,1,5,2,1,25.807685,5,0,0
81,1,496,1,5780.182197,1,0,3,56,1,1,51066,1,2,74,23,0,0,8,1,5,1,2,787.993313,0,1,1
82,1,85,1,4118.539113,0,0,2,32,1,1,34378,1,1,102,12,54,0,1,1,3,2,1,489.6,3,1,1
83,1,559,2,2523.07015,0,0,4,21,1,1,43072,1,1,63,35,15,0,1,1,5,1,2,302.4,0,0,0
84,0,427,3,6554.216396,0,1,1,32,0,0,25222,1,2,90,28,69,0,3,1,5,1,0,475.623251,0,2,2
85,2,165,4,7703.397294,0,0,3,58,1,1,36765,1,1,66,15,32,1,2,1,4,0,2,320.849072,0,1,1
86,3,107,1,5926.729379,1,1,1,30,3,1,23091,1,1,96,28,90,5,5,1,3,0,0,460.8,0,1,1
87,0,356,1,2683.470677,0,0,0,0,1,0,48269,2,1,69,3,79,3,1,0,1,2,3,282.151207,0,1,1
88,0,51,3,2695.182419,0,0,0,1,1,0,32720,1,0,67,13,12,0,1,1,4,2,1,321.6,0,1,1
89,3,318,1,6047.02516,1,1,1,49,1,1,20396,1,1,76,15,60,1,4,1,5,0,1,364.8,0,1,1
90,2,230,3,13171.01282,0,2,1,32,2,1,21513,1,1,119,21,81,1,2,1,5,1,1,679.827592,5,2,2
91,3,314,4,10656.88195,1,1,0,57,1,0,72540,1,1,88,7,3,0,2,0,2,1,2,631.743039,5,1,1
92,0,68,3,2527.653796,0,0,0,22,1,0,80744,0,1,63,24,84,0,1,0,2,0,0,11.879037,0,1,1
93,1,515,3,2672.095756,0,0,0,38,1,1,52822,1,1,67,23,88,0,1,0,0,0,1,350.529033,5,2,2
94,0,323,1,5313.294035,0,1,3,29,4,0,0,1,2,77,8,10,1,9,1,4,0,0,863.3947,0,1,1
95,0,456,3,20946.19251,0,0,0,54,1,0,69738,1,1,74,2,26,1,2,1,5,0,1,492.127532,0,0,0
96,0,239,0,8375.353929,0,0,4,45,2,0,17780,0,1,109,12,18,0,9,1,5,0,1,132.588288,3,1,1
97,2,309,1,4801.661503,0,0,0,46,2,1,18107,1,1,62,29,11,0,8,1,4,0,0,297.6,0,1,1
98,0,389,0,5745.94334,0,0,0,27,1,0,57740,2,1,74,30,87,3,9,1,3,2,3,269.905129,0,1,1
99,1,138,3,6066.115969,0,1,1,55,1,1,32627,1,1,76,11,60,0,7,1,4,0,0,380.036697,5,2,2
100,3,470,1,8002.308333,1,0,1,39,4,0,0,1,1,107,3,65,0,3,1,5,0,0,513.6,3,1,1
101,3,2,1,2393.915369,1,0,1,36,4,1,0,1,2,70,24,10,0,1,1,3,0,1,425.266308,0,1,1
102,2,534,3,4762.8179,0,0,0,41,1,1,65795,0,2,62,2,85,1,3,0,2,2,2,49.011099,5,1,1
103,3,109,1,4330.38602,1,2,1,46,1,1,60475,1,1,107,9,18,0,1,1,5,1,1,513.6,0,1,1
104,0,480,1,9402.729769,0,1,3,17,4,0,0,1,2,130,28,88,0,4,1,5,0,3,936.0,3,1,1
105,4,449,3,6966.694527,0,1,0,24,1,0,41837,0,1,88,29,93,0,9,1,5,0,2,142.062768,0,2,2
106,0,288,1,7694.064293,0,0,0,6,1,0,32303,0,1,65,13,34,0,2,1,3,2,1,45.152521,0,1,1
107,2,73,3,8717.561149,0,0,3,16,4,1,0,1,1,117,5,89,1,3,1,3,0,0,561.6,3,1,1
108,0,104,1,5928.748528,0,0,0,32,1,0,40531,0,1,74,17,32,0,9,1,5,0,0,30.567357,5,1,1
109,1,155,3,2452.977288,0,0,1,44,1,1,79898,2,1,62,5,86,1,1,0,0,3,0,271.606799,0,1,1
110,1,514,1,6701.571657,0,1,1,57,1,1,56398,1,1,85,4,18,0,7,1,5,3,0,408.0,0,2,2
111,1,566,4,7556.24034,0,1,3,42,1,1,35257,1,0,98,16,2,1,8,0,1,1,3,470.4,0,2,2
112,1,286,0,8492.6988,0,0,1,56,1,1,27804,1,1,109,19,54,0,7,1,5,1,1,784.8,3,1,1
113,2,243,3,7713.494046,0,0,0,50,1,1,45506,1,2,66,16,32,2,2,1,5,0,0,316.8,0,1,1
114,1,60,4,24084.5352,0,0,3,3,1,1,65196,1,1,67,0,54,0,2,1,4,3,1,396.082036,0,1,1
115,1,213,1,7290.069769,0,0,3,45,4,1,0,1,1,102,11,70,1,3,0,1,0,0,489.6,3,1,1
116,3,494,3,4772.943848,1,1,3,48,3,1,20993,1,0,133,35,90,0,1,1,5,1,0,638.4,3,1,1
117,2,331,0,6806.491395,0,1,3,26,1,1,37839,1,1,86,35,77,0,9,1,5,1,1,465.633954,5,1,1
118,0,420,1,2469.781334,0,0,0,20,1,0,92711,1,2,62,24,10,0,1,1,4,2,0,368.400146,5,1,1
119,0,325,1,3103.923041,0,1,1,9,1,0,74665,2,1,78,10,90,2,1,0,1,1,2,236.902001,0,1,1
120,1,569,4,2981.875575,0,1,1,54,4,1,0,1,1,83,26,89,0,1,1,4,2,3,582.679087,5,1,1
121,1,66,1,8902.737595,0,0,0,8,1,1,46833,0,1,112,6,3,0,9,1,5,0,2,64.109663,4,1,1
122,2,88,3,5499.447223,0,0,3,33,1,0,88768,1,1,68,17,77,0,7,1,5,2,1,326.4,5,2,2
123,2,416,1,15023.59858,0,0,3,41,1,1,28262,1,2,192,9,77,0,3,1,5,2,3,921.6,2,1,1
124,0,98,2,2509.107875,0,0,0,46,1,0,33555,0,1,63,17,11,0,1,1,5,0,0,101.89645,0,1,1
125,1,119,3,31221.7481,0,2,1,4,1,1,42780,1,0,113,10,27,1,2,1,4,0,2,542.4,0,1,1
126,0,526,3,3133.503432,0,1,4,13,1,0,58850,0,2,78,20,26,0,1,1,5,1,1,143.747794,0,1,1
127,2,153,0,3837.451863,0,1,1,18,1,1,21880,2,1,97,29,37,0,1,2,7,0,1,424.077159,0,1,1
128,3,363,3,11790.49617,1,0,1,4,3,1,25251,1,0,66,13,43,0,2,1,4,1,3,316.8,0,1,1
129,0,381,4,7838.068321,0,0,4,47,4,0,0,0,1,69,9,12,0,2,1,3,1,0,2.704934,0,1,1
130,1,471,0,4305.808345,0,0,3,26,1,1,24188,1,1,109,14,82,0,1,1,5,0,0,523.2,4,1,1
131,0,131,2,5973.976904,0,0,0,31,1,0,41611,0,1,74,14,8,0,8,2,7,0,1,113.801497,0,1,1
132,0,355,3,5670.442396,0,0,0,36,1,0,28406,2,1,72,16,35,1,4,1,5,0,2,192.87572,0,1,1
133,4,450,0,4731.749346,0,2,1,2,1,1,69833,1,1,118,32,99,0,1,1,5,0,0,828.662719,0,2,2
134,0,38,0,8026.379641,0,0,3,13,4,0,0,1,2,74,15,91,0,2,0,1,0,3,532.8,0,2,2
135,2,289,0,4022.963529,0,0,3,31,4,1,0,1,2,117,6,1,0,1,1,5,0,0,975.107098,3,1,1
136,0,348,3,9618.310865,0,0,3,39,1,0,80536,0,1,119,5,83,0,3,2,7,0,1,53.798708,4,1,1
137,0,383,4,2274.775451,0,0,1,20,4,0,0,1,2,63,2,5,0,1,1,4,1,0,606.642452,0,2,2
138,0,436,3,9552.926922,0,1,1,15,1,0,97732,2,1,79,0,70,0,2,1,5,3,1,289.9122,0,1,1
139,0,20,0,10388.55323,0,1,0,39,1,0,61222,2,2,89,20,55,0,2,2,8,2,1,392.604371,0,2,2
140,1,84,3,2470.121222,0,0,1,16,4,1,0,1,2,74,7,20,0,1,1,3,3,3,721.242206,5,0,0
141,2,320,0,5619.068508,0,2,4,7,1,1,50335,2,1,140,9,54,0,1,1,4,0,2,456.52385,3,1,1
142,0,267,1,9047.119209,0,1,3,26,4,0,0,1,2,127,30,11,0,6,1,4,2,1,1087.995426,4,1,1
143,1,572,4,6692.143668,0,2,3,46,1,1,63221,1,1,168,28,49,0,1,0,2,2,0,806.4,3,1,1
144,0,264,3,3731.504584,1,1,3,54,4,0,0,1,1,96,31,34,0,1,1,3,0,0,460.8,0,0,0
145,1,583,2,3660.770258,0,1,0,23,1,1,64495,2,1,92,34,30,0,1,0,1,3,3,251.992083,0,1,1
146,0,19,1,7928.829252,0,0,1,35,4,0,0,1,1,72,7,75,0,2,0,2,0,2,345.6,0,1,1
147,0,527,0,5011.751577,0,0,0,16,1,0,28859,1,0,67,24,51,3,4,0,1,0,2,321.6,5,1,1
148,0,550,0,7988.258292,0,1,3,1,1,0,77330,0,1,99,0,21,0,3,1,5,1,3,99.257608,0,1,1
149,3,95,3,3885.456401,1,2,1,58,4,1,0,1,1,105,3,92,0,1,0,1,0,1,504.0,0,0,0
150,1,139,4,2659.337982,0,0,0,36,1,1,24495,1,2,70,29,65,0,1,1,4,3,1,336.0,0,2,2
151,1,507,4,8564.768226,1,0,3,47,1,1,95697,0,1,107,29,29,0,9,1,5,1,0,178.006524,4,1,1
152,1,337,0,4885.162511,0,1,3,42,0,1,26372,1,1,126,11,7,0,1,1,5,3,0,604.8,3,1,1
153,0,35,0,9753.307106,0,1,0,54,2,0,17514,0,1,127,2,5,0,3,1,3,0,1,8.312729,3,1,1
154,0,564,1,2946.153697,0,0,0,1,1,0,89270,2,2,74,17,90,0,1,1,5,1,1,316.599228,0,1,1
155,2,305,1,2581.110945,0,0,3,11,1,1,29757,1,1,65,13,55,0,1,1,4,1,3,312.0,0,2,2
156,1,384,3,3517.385764,0,1,1,28,1,1,51814,0,2,92,28,89,0,1,1,4,2,0,56.300724,0,1,1
157,0,43,3,9743.350113,0,1,0,26,1,0,24028,1,1,82,14,27,0,2,1,4,1,0,393.6,0,2,2
158,3,233,0,3873.647046,1,0,1,25,3,1,28142,1,1,105,18,50,0,1,1,5,1,0,701.708239,4,1,1
159,0,328,0,7649.28199,0,0,0,10,1,0,52705,0,1,64,14,8,1,2,1,4,0,3,128.705563,5,0,0
160,1,298,1,2287.59692,0,0,3,52,4,1,0,1,1,63,1,5,0,1,0,2,1,0,679.368378,5,1,1
161,0,281,4,4475.424592,0,0,1,57,1,0,84903,2,1,111,7,63,0,1,1,3,0,0,497.126827,3,1,1
162,3,561,1,8714.922135,1,0,1,51,4,0,0,1,0,118,14,64,0,4,1,5,0,0,566.4,3,1,1
163,3,221,4,2248.449633,1,0,0,34,3,0,24910,1,2,63,7,63,1,1,1,3,0,1,347.857619,0,1,1
164,2,174,1,7416.197322,0,1,0,52,4,1,0,1,2,77,15,12,2,2,1,5,0,0,554.4,0,1,1
165,2,391,3,7771.158973,0,0,4,51,2,1,21876,1,1,68,12,28,0,2,1,5,0,0,465.41477,0,2,2
166,0,189,1,6968.3419,0,0,0,37,4,0,0,1,2,69,33,61,1,2,1,5,0,0,496.8,0,2,2
167,0,22,1,4250.282624,1,0,3,23,4,0,0,1,2,61,17,1,1,7,1,3,0,0,292.8,0,2,2
168,0,183,3,19776.56654,0,1,3,21,1,0,70699,2,0,82,1,57,0,2,1,4,2,0,256.813837,0,1,1
169,0,446,1,21343.46599,0,0,3,10,4,0,0,1,1,74,11,85,1,2,1,4,0,0,355.2,0,1,1
170,1,454,1,2413.139714,0,0,1,32,2,1,27501,1,1,63,20,0,0,1,1,3,3,1,542.319401,0,1,1
171,4,266,3,15363.84716,0,2,2,20,0,0,15897,2,0,101,30,99,0,2,1,5,1,0,303.148399,0,1,1
172,0,371,2,8456.961887,0,0,1,16,1,0,25141,0,0,73,12,4,1,2,1,5,2,0,25.438063,0,1,1
173,0,315,2,2189.642522,0,0,1,33,4,0,0,1,1,61,5,46,3,1,1,4,2,0,292.8,0,2,2
174,1,87,1,5780.182197,1,0,3,56,1,1,51066,1,2,74,23,0,0,8,1,4,1,2,787.993313,0,1,1
175,0,1,1,4639.981638,0,0,0,6,1,0,28358,0,1,117,24,37,0,1,1,4,1,2,84.024413,4,1,1
176,0,404,4,4465.335703,0,0,1,1,1,0,61846,0,1,112,1,48,0,1,1,4,1,0,215.8182,3,1,1
177,0,200,0,5968.118877,0,0,0,32,1,0,90972,2,1,74,3,47,0,8,1,5,1,2,232.926145,5,1,1
178,0,207,4,5097.763337,0,0,1,44,4,0,0,1,2,74,3,95,0,7,1,5,2,3,532.8,5,1,1
179,0,170,1,4076.634665,0,0,0,28,1,0,29549,1,0,104,17,51,0,1,1,4,1,2,710.433775,4,2,2
180,0,203,1,12252.60179,0,2,0,48,4,0,0,1,1,115,12,17,1,2,1,4,0,0,552.0,0,1,1
181,0,236,2,16936.27147,0,1,0,29,1,0,39411,1,1,217,4,29,2,4,1,5,2,1,1122.658899,1,1,1
182,1,338,3,4892.435461,0,0,3,48,1,1,21709,1,1,62,28,17,0,3,1,4,1,1,408.374746,0,0,0
183,1,300,2,9942.304791,0,1,0,24,1,1,67890,1,2,85,23,57,0,2,1,4,3,0,408.0,0,2,2
184,2,0,1,3735.838129,0,0,0,6,4,1,0,1,2,110,3,16,0,1,1,5,0,0,792.0,3,1,1
185,2,335,1,13117.52215,0,0,3,13,1,0,84311,1,2,111,11,98,4,2,1,5,2,2,532.8,3,2,2
186,0,468,1,4574.524094,0,0,1,35,1,0,99316,1,2,114,26,53,0,1,0,2,1,1,754.358929,3,1,1
187,3,538,0,5470.060561,1,1,0,47,1,0,54507,1,1,138,20,11,0,1,1,3,1,0,702.990032,3,1,1
188,0,147,1,2978.84601,0,1,0,18,1,0,64586,2,2,76,3,17,0,1,1,3,2,1,206.837111,0,1,1
189,1,407,3,6410.967544,0,1,1,15,1,1,61709,2,1,82,5,41,2,7,1,5,2,1,275.395894,0,1,1
190,2,192,1,4479.023088,0,0,4,34,1,1,94656,2,1,111,12,79,1,1,2,7,3,3,459.738128,3,1,1
191,0,533,1,2383.731879,0,0,3,9,4,0,0,1,2,69,5,40,0,1,2,8,3,1,496.8,5,2,2
192,1,452,1,2764.493659,0,0,0,25,1,1,61085,1,1,70,27,34,1,1,1,5,1,1,336.0,5,1,1
193,0,103,3,7920.105377,0,0,0,32,1,0,89284,1,1,67,7,31,3,2,1,4,3,0,321.6,5,2,2
194,0,100,0,6889.097981,0,0,3,16,4,0,0,1,0,63,6,12,0,2,1,4,0,1,302.4,0,2,2
195,0,562,4,3274.194616,0,1,0,39,1,0,31686,1,1,81,11,33,0,1,1,5,0,0,430.994107,0,2,2
196,1,17,3,9951.707743,0,2,3,47,1,1,56855,1,2,255,12,1,0,1,0,2,3,3,1836.0,2,1,1
197,2,586,3,2521.555686,0,0,0,46,1,1,53703,0,2,67,3,45,2,1,2,8,0,1,67.632476,0,1,1
198,0,92,4,23706.11337,0,1,3,38,4,0,0,1,2,96,12,35,1,2,1,3,2,1,844.481918,5,1,1
199,3,290,1,6047.02516,1,1,1,49,1,1,20396,1,1,76,15,60,1,4,1,3,0,1,364.8,0,1,1
200,0,423,1,11140.30248,0,2,4,26,0,0,27679,1,2,150,30,28,0,3,1,3,0,2,722.486994,3,1,1
201,3,406,2,4334.064096,1,1,0,57,3,0,23904,1,2,123,1,67,3,1,1,5,0,0,590.4,3,1,1
202,0,481,0,2799.74791,0,0,3,7,1,0,65351,1,1,69,4,54,0,1,0,0,1,2,481.027516,0,1,1
203,2,589,1,7923.136624,0,0,1,23,4,1,0,1,2,113,20,1,0,7,1,4,0,0,1124.427734,3,1,1
204,2,121,1,3688.110888,0,0,3,5,4,1,0,1,2,63,0,54,3,7,1,4,0,2,669.682001,0,1,1
205,2,453,1,12067.45599,0,0,1,2,4,1,0,1,2,116,14,35,0,2,1,4,0,0,1284.093173,3,1,1
206,0,547,1,2924.976721,0,0,1,16,1,0,64459,2,1,72,16,64,0,1,1,3,1,1,240.259479,0,1,1
207,4,413,1,15014.0927,0,2,1,24,1,1,32961,1,1,190,13,53,0,3,0,1,0,1,912.0,3,2,2
208,0,332,3,9277.233839,0,0,3,39,1,0,71416,1,0,116,10,0,0,3,0,2,1,0,556.8,3,1,1
209,0,23,4,6274.123875,0,1,0,36,1,0,68964,0,1,78,15,6,0,3,1,5,2,3,115.086827,0,1,1
210,2,199,1,3886.647414,0,1,3,39,1,1,78108,1,2,98,12,34,0,1,1,5,1,0,470.4,5,2,2
211,3,259,1,4386.277558,1,0,1,40,3,1,10621,1,2,67,28,22,0,5,2,8,0,0,321.6,0,1,1
212,2,251,4,11365.26766,0,1,1,27,1,1,84910,2,1,95,4,69,0,2,0,2,1,3,383.167471,5,2,2
213,0,114,1,5610.96434,0,0,3,54,1,0,77493,2,2,70,2,35,0,3,2,8,0,0,307.963291,0,1,1
214,1,537,0,2912.892035,0,0,1,58,1,1,81097,1,0,74,7,67,0,1,1,3,3,0,355.2,0,2,2
215,0,532,3,6915.729915,0,1,1,30,1,0,96610,1,1,85,6,23,0,3,0,0,3,2,520.364752,0,0,0
216,1,44,3,6262.663307,0,2,1,56,1,1,30110,2,1,159,20,71,0,1,0,2,3,0,466.436375,4,2,2
217,3,202,3,6503.397049,1,1,3,49,0,0,22081,1,1,84,1,9,0,6,2,8,0,0,451.670309,5,2,2
218,3,254,4,8007.399376,1,0,3,2,4,0,0,1,0,112,12,93,0,3,1,5,0,3,537.6,4,1,1
219,1,58,1,2929.916512,0,0,1,2,1,1,98473,1,1,72,19,69,0,1,1,3,1,1,345.6,0,1,1
220,0,261,3,5969.55297,0,0,0,31,1,0,97431,1,1,74,1,72,0,3,1,4,2,1,355.2,0,1,1
221,2,70,1,5473.15987,0,0,0,3,1,1,93870,1,0,69,1,96,0,8,1,4,0,2,331.2,0,1,1
222,1,568,2,5645.396665,0,0,3,57,1,1,50366,1,0,72,9,5,0,9,1,3,0,2,428.734656,0,2,2
223,1,477,4,6369.262355,1,1,3,25,1,1,34498,1,2,83,30,72,0,7,1,5,1,1,398.4,5,2,2
224,0,445,3,11833.76732,0,0,1,22,0,0,16552,1,1,103,23,53,0,2,1,5,1,2,494.4,3,2,2
225,0,378,3,6121.107929,0,1,1,22,1,0,26787,1,1,77,7,50,0,5,1,5,2,1,369.6,0,1,1
226,1,248,2,5159.369746,0,0,1,54,4,1,0,1,2,74,2,42,0,9,1,3,0,1,831.752839,5,1,1
227,0,46,2,2514.59196,1,0,3,44,1,0,43860,0,2,65,15,58,0,1,0,2,1,0,156.124914,0,1,1
228,2,570,0,8668.611261,0,0,3,50,1,1,21474,2,1,114,13,72,2,9,0,2,0,0,373.428187,3,2,2
229,1,520,1,4960.965384,0,0,0,49,0,1,18174,1,1,66,8,16,0,9,0,0,0,0,395.934815,0,2,2
230,0,544,0,5504.139033,1,0,0,15,4,0,0,1,1,73,18,45,0,5,0,0,0,2,350.4,0,1,1
231,3,390,0,7507.455372,1,0,1,11,1,1,60920,2,2,64,10,61,0,2,1,5,1,0,231.201886,5,1,1
232,2,245,0,32269.85139,0,1,3,57,1,1,41520,2,1,90,18,70,0,2,1,4,0,0,289.904105,0,1,1
233,4,171,3,5657.031588,0,2,0,1,4,0,0,1,1,152,12,89,0,1,1,5,0,3,729.6,3,2,2
234,1,346,0,5061.757902,0,0,3,53,4,1,0,1,1,68,19,16,0,8,1,5,2,2,326.4,5,1,1
235,1,26,1,5912.783829,0,0,0,39,1,1,72208,1,1,73,3,84,0,8,1,5,0,1,350.4,5,2,2
236,0,458,1,15182.27975,0,0,0,38,1,0,53863,0,1,63,12,30,0,2,1,4,0,3,105.765111,0,0,0
237,1,63,4,10747.03094,0,1,1,55,1,1,66446,2,0,136,8,77,0,3,0,0,1,1,639.464548,3,0,0
238,2,9,4,2050.623512,0,0,1,46,4,1,0,1,2,61,18,26,0,1,1,5,1,0,292.8,0,2,2
239,0,72,4,2465.444865,0,0,0,35,1,0,64997,1,2,63,7,99,1,1,1,5,1,0,383.442328,0,2,2
240,0,260,2,5343.121327,0,0,3,40,1,0,64460,1,1,66,18,42,0,3,0,2,1,0,316.8,5,2,2
241,0,56,0,8119.829071,0,0,1,19,1,0,46618,0,1,67,22,77,0,2,1,3,2,0,99.085943,0,0,0
242,0,488,3,4605.265164,0,0,1,44,4,0,0,1,0,64,13,64,0,4,0,2,0,1,307.2,0,2,2
243,1,179,1,6408.785577,0,1,1,5,1,1,49988,1,1,84,6,37,5,5,1,4,1,3,566.935022,5,0,0
244,0,344,1,2376.533508,0,1,1,36,4,0,0,1,2,91,2,8,5,1,1,3,0,0,436.8,5,1,1
245,1,400,1,3211.070017,0,1,0,45,0,1,16269,1,0,86,6,84,0,1,0,1,2,0,412.8,5,1,1
246,0,178,0,5094.522262,0,0,0,57,1,0,72006,1,0,64,4,38,0,3,1,3,3,0,307.2,0,1,1
247,0,34,0,25755.27817,0,1,3,26,4,0,0,1,1,81,3,60,2,2,1,4,3,2,388.8,0,2,2
248,2,125,3,8672.229719,0,1,0,19,4,1,0,1,2,245,34,83,0,1,0,2,0,1,2345.413441,2,1,1
249,2,180,1,8044.73072,0,0,4,30,1,1,44320,1,1,67,13,79,0,2,1,4,0,2,321.6,0,1,1
250,0,187,0,4001.519098,0,2,3,3,3,0,19782,1,0,108,13,66,0,1,1,5,2,3,773.470977,5,1,1
251,0,25,2,16706.11699,0,0,0,17,1,0,63933,1,0,70,35,98,0,2,1,5,0,2,424.883448,5,1,1
252,1,342,0,8544.411077,0,0,2,58,1,1,28224,1,2,109,13,13,0,8,1,5,0,2,523.2,3,1,1
253,3,312,4,7805.31287,1,0,1,32,3,0,21073,1,0,106,25,54,1,3,1,5,0,0,508.8,3,2,2
254,1,194,3,6112.756868,0,1,0,49,1,1,63243,2,1,77,21,73,0,3,1,5,3,2,364.240307,0,0,0
255,3,158,2,4772.943848,1,1,3,48,3,1,20993,1,0,133,35,90,0,1,1,5,1,0,638.4,3,1,1
256,0,467,3,10979.09559,0,1,0,44,1,0,94827,2,1,135,5,64,0,4,1,5,0,0,354.729129,3,1,1
257,2,48,1,5004.263818,0,0,4,35,1,0,39161,2,1,63,18,83,1,4,1,5,1,2,283.995953,5,2,2
258,1,219,4,13223.04379,0,1,0,17,1,1,37534,1,1,84,2,0,2,2,1,5,2,1,403.2,0,1,1
259,0,99,3,2623.31543,0,0,0,11,1,0,80210,0,0,65,30,28,0,1,0,2,0,0,20.543176,0,1,1
260,2,373,1,17840.19555,0,0,0,53,4,1,0,1,1,62,32,59,0,2,1,3,0,0,385.115437,0,2,2
261,0,214,1,5106.111827,0,0,1,52,1,0,30110,0,1,64,2,4,0,5,1,3,0,3,140.165035,0,1,1
262,0,227,0,17930.60451,0,0,1,21,2,0,21708,1,0,68,28,77,0,2,1,4,0,3,326.4,0,1,1
263,1,154,0,5457.342569,0,0,3,3,1,1,94731,1,1,67,23,65,0,4,1,4,1,0,321.6,0,1,1
264,1,466,1,6563.644143,0,1,0,52,1,1,32375,1,1,83,17,83,0,6,1,3,0,0,398.4,0,2,2
265,1,271,3,4812.525221,0,0,1,4,2,1,16531,0,1,63,0,40,0,4,0,0,0,3,102.879769,0,1,1
266,0,330,0,29328.04185,0,1,4,57,1,0,32006,0,2,94,28,7,0,2,0,2,1,2,56.868289,0,1,1
267,0,546,0,5773.520711,0,0,0,45,1,0,81676,1,1,72,21,86,0,8,1,4,0,0,463.158502,5,2,2
268,1,182,1,6847.1189,0,1,1,39,1,1,71038,0,1,86,15,56,0,3,0,0,3,0,205.444066,0,1,1
269,0,506,0,3595.31286,0,0,3,26,4,0,0,1,2,103,20,43,0,1,0,2,1,2,741.6,4,1,1
270,0,473,2,22855.61209,0,0,4,31,2,0,20832,0,1,65,8,32,0,2,1,5,0,2,56.371967,5,1,1
271,1,3,4,7859.414569,0,0,3,0,4,1,0,1,2,113,19,10,0,7,1,3,0,1,813.6,3,1,1
272,1,18,3,4115.577437,0,2,3,53,1,1,52405,1,1,103,2,27,0,1,1,5,3,2,494.4,0,1,1
273,0,542,0,5029.638777,0,1,3,7,4,0,0,1,1,133,3,89,0,1,1,5,0,0,795.864079,4,2,2
274,0,16,4,4821.418454,0,1,0,11,1,0,26583,1,1,128,6,46,4,1,1,4,1,0,614.4,3,1,1
275,2,294,3,5004.310469,0,0,4,38,0,1,25486,0,1,65,15,53,0,3,2,8,0,3,72.438681,5,1,1
276,4,462,0,8630.053943,0,2,1,2,1,1,24065,1,0,111,30,1,0,5,0,1,0,1,532.8,0,1,1
277,0,77,0,9322.08512,0,2,3,38,1,0,70435,0,1,116,0,50,0,4,1,5,2,0,67.881546,0,1,1
278,2,499,1,16727.56063,0,1,1,24,4,1,0,1,2,76,33,36,2,2,1,5,2,1,402.636829,5,1,1
279,0,316,3,3652.532435,0,1,3,53,1,0,39679,1,1,92,2,85,0,1,1,5,1,1,641.388616,5,1,1
280,2,482,2,6158.601171,0,1,1,12,4,1,0,2,2,89,13,45,0,5,1,4,0,3,342.481173,0,1,1
281,1,296,1,4376.083958,0,0,0,19,4,1,0,1,1,69,21,70,4,3,1,4,3,3,331.2,5,1,1
282,2,268,2,5569.456156,0,0,3,45,1,1,53565,1,1,71,27,34,1,6,1,5,0,0,340.8,0,2,2
283,1,257,4,2576.513006,0,0,0,54,1,1,37574,1,1,66,19,14,1,1,1,3,0,0,412.101933,5,1,1
284,2,295,4,8346.983233,0,2,0,3,1,1,48259,0,2,108,14,79,0,3,1,4,0,1,73.700573,5,1,1
285,0,307,0,6323.923864,0,1,3,12,1,0,78532,1,1,78,25,87,0,3,1,5,1,2,374.4,0,1,1
286,0,4,0,5973.14343,0,0,0,58,1,0,96163,1,1,73,23,90,0,3,0,2,0,2,350.4,0,1,1
287,2,576,1,4706.676993,0,0,0,47,4,1,0,1,2,72,0,86,0,7,1,4,0,0,345.6,0,1,1
288,1,223,1,8093.410258,0,0,3,42,4,1,0,1,1,114,9,72,1,5,1,3,0,0,722.024742,4,1,1
289,1,115,4,5035.744643,0,0,1,16,1,1,72672,2,1,63,7,39,0,5,1,4,1,2,259.361117,0,0,0
290,4,226,3,9027.867218,0,2,0,37,1,0,99002,1,1,112,33,75,1,8,1,3,2,1,537.6,0,1,1
291,1,275,1,7288.884849,0,1,3,14,1,1,79494,2,1,91,19,30,0,3,1,4,3,0,396.295614,0,0,0
292,2,108,3,18042.47942,0,1,4,30,1,1,35704,0,1,225,21,35,0,8,1,5,0,1,358.281562,1,1,1
293,0,388,0,4992.063043,0,0,0,32,4,0,0,1,2,71,6,5,0,3,0,1,2,3,653.388564,0,2,2
294,4,484,3,9102.267849,0,2,3,41,0,0,26049,0,1,118,17,6,0,6,1,4,0,2,121.032372,5,0,0
295,2,523,0,2540.407726,0,0,2,21,1,1,70125,0,2,64,21,77,0,1,2,7,1,1,92.813396,0,1,1
296,1,393,1,12941.89193,0,0,1,27,1,1,52369,1,1,110,34,49,1,2,1,5,0,0,528.0,3,1,1
297,0,277,4,2365.348601,0,0,0,18,4,0,0,0,1,66,25,51,2,1,2,7,1,1,159.636956,0,1,1
298,1,124,0,5720.765064,0,0,1,40,1,1,41770,1,1,72,0,60,0,9,1,3,1,1,476.156957,0,2,2
299,1,439,3,7035.534088,0,2,3,6,4,1,0,1,0,101,16,88,0,8,0,2,2,3,727.2,0,1,1
300,1,387,1,2636.97773,0,0,1,34,1,1,31911,1,1,67,33,27,0,1,1,5,1,0,321.6,0,1,1
301,1,196,2,5395.831967,0,0,0,58,1,1,70051,0,1,68,15,69,0,8,0,2,3,3,42.078345,0,1,1
302,3,497,3,8382.630118,1,0,3,7,3,1,19683,1,1,117,17,41,1,9,1,4,0,3,561.6,4,1,1
303,0,567,4,31161.74523,0,0,1,3,1,0,30916,0,1,112,7,65,0,2,1,3,0,0,200.11606,3,2,2
304,0,403,3,2887.742258,0,1,0,4,4,0,0,1,2,80,24,95,0,1,1,3,0,2,676.944023,0,1,1
305,3,490,4,8714.922135,1,0,1,51,4,0,0,1,0,118,14,64,0,4,0,2,0,0,566.4,3,1,1
306,1,522,1,25585.72783,0,0,0,1,4,1,0,1,1,116,0,45,0,2,0,0,1,2,830.623064,3,1,1
307,2,447,3,10272.6082,0,1,1,0,1,1,60145,2,2,132,8,28,0,3,1,5,2,3,580.473259,3,1,1
308,4,287,3,4376.363592,1,2,0,58,1,0,63774,0,0,111,18,63,0,1,1,5,1,0,60.036683,0,1,1
309,0,145,1,5318.89664,1,0,0,41,1,0,25134,1,1,67,3,0,0,6,0,1,1,2,321.6,0,2,2
310,2,137,3,4719.762191,0,0,0,43,1,1,37057,0,1,61,5,48,1,6,1,4,0,0,47.53101,0,2,2
311,3,463,3,4428.031583,1,0,3,34,1,0,58577,2,1,110,6,62,0,1,1,5,0,0,303.872752,3,1,1
312,1,133,1,5879.176092,0,0,3,43,1,1,85857,0,1,73,3,19,0,6,0,1,3,0,100.620067,0,1,1
313,2,71,3,9416.908485,0,0,2,27,1,0,70602,2,1,116,8,47,0,3,1,5,2,2,481.339891,3,2,2
314,4,162,3,8288.155579,0,2,4,30,1,0,33816,1,0,106,10,97,2,3,0,2,0,1,508.8,0,1,1
315,2,169,3,32654.8383,0,2,0,53,4,1,0,1,2,153,7,75,0,2,1,5,2,1,1101.6,3,1,1
316,0,6,3,4719.450052,0,1,1,48,1,0,89642,0,1,121,11,20,4,1,0,2,2,2,86.320022,3,1,1
317,0,354,1,3903.474784,0,1,0,4,1,0,60068,1,1,98,17,75,0,1,1,5,1,0,470.4,5,2,2
318,0,531,1,5457.259678,0,1,0,16,1,0,50044,1,2,139,16,14,0,1,1,4,2,2,667.2,3,1,1
319,0,76,1,2725.356404,1,0,4,4,1,0,36650,0,1,69,2,70,1,1,1,5,1,3,56.60333,0,0,0
320,0,412,0,4433.97368,0,0,1,51,1,0,50653,0,1,110,29,42,0,1,0,2,3,0,262.865172,3,2,2
321,0,102,0,5332.462694,1,0,2,52,1,0,68931,2,1,66,32,30,0,7,1,3,1,1,309.577946,0,1,1
322,2,83,3,2315.094985,0,0,0,16,4,1,0,1,2,73,14,39,1,1,0,2,0,1,350.4,0,1,1
323,0,32,1,5411.953687,0,0,1,13,4,0,0,1,2,73,1,22,0,5,1,4,1,2,365.364581,0,1,1
324,1,211,1,9587.33234,0,1,0,56,1,1,39266,1,1,80,33,31,0,2,1,4,3,1,384.0,0,1,1
325,3,518,1,22103.5072,1,0,1,35,4,1,0,1,1,102,35,48,0,2,1,5,0,1,489.6,3,1,1
326,0,574,2,9764.945308,0,1,3,58,4,0,0,1,2,98,24,11,1,2,1,4,1,3,705.6,0,2,2
327,0,110,2,2567.151468,0,0,0,50,1,0,40864,0,1,65,2,75,0,1,0,0,1,3,9.51528,0,1,1
328,0,372,3,2650.622781,0,0,1,25,1,0,39035,2,0,68,15,65,0,1,1,4,1,0,244.564334,0,1,1
329,2,190,1,11264.36334,0,1,0,27,1,1,34923,1,2,98,23,82,0,2,1,3,0,2,639.105556,5,1,1
330,2,443,1,2168.523464,0,0,3,10,4,1,0,1,2,63,1,56,0,1,1,5,1,0,453.6,0,1,1
331,0,521,1,8610.667489,0,0,3,11,4,0,0,1,1,111,27,36,0,9,0,0,2,3,532.8,3,1,1
332,0,563,1,2834.646235,0,0,1,3,1,0,24506,1,0,71,7,47,0,1,1,3,0,0,511.2,5,1,1
333,1,339,3,8930.139728,0,1,3,53,4,1,0,1,1,82,25,63,0,2,1,3,3,2,554.522969,0,1,1
334,0,249,0,5536.386959,0,0,1,12,1,0,52220,1,1,70,17,42,1,5,1,4,0,2,336.0,0,2,2
335,1,278,0,2840.85429,0,0,3,57,4,1,0,1,1,74,17,73,0,1,1,5,0,2,402.449823,5,1,1
336,1,457,1,8082.880956,0,0,1,26,1,1,53554,1,1,67,6,5,0,2,1,4,0,0,327.020539,0,0,0
337,1,548,1,5254.734278,0,0,0,7,1,1,34476,0,1,67,23,49,1,3,0,1,3,2,5.3953,0,1,1
338,0,587,0,5116.237577,0,0,0,14,4,0,0,0,1,70,1,11,0,5,1,4,0,3,131.401291,0,1,1
339,1,176,1,3034.646997,0,1,1,7,1,1,68205,0,1,76,35,14,0,1,1,3,3,1,99.382943,5,1,1
340,0,493,1,8024.89992,0,0,3,20,4,0,0,1,2,119,6,48,1,8,1,3,2,1,856.8,3,1,1
341,2,143,1,18211.14319,0,2,3,13,1,1,53690,1,1,154,20,97,0,2,1,5,3,2,739.2,3,2,2
342,2,351,3,5121.563312,0,0,3,49,4,1,0,1,2,72,2,22,0,5,1,5,0,1,518.4,0,1,1
343,0,299,1,2150.178588,0,0,3,17,4,0,0,1,2,61,28,31,0,1,1,5,1,3,292.8,0,1,1
344,0,135,1,5595.389905,1,0,3,9,1,0,74454,1,2,71,25,29,0,3,1,5,1,2,340.8,0,1,1
345,0,410,2,7562.824036,0,0,0,20,4,0,0,1,2,73,23,91,0,2,1,3,1,1,350.4,0,0,0
346,2,151,3,5385.853211,0,0,3,11,2,1,29664,1,1,71,1,69,0,3,1,3,0,0,340.8,0,1,1
347,1,464,4,4718.558501,0,0,4,57,0,1,15680,2,0,64,20,29,0,8,1,5,3,3,260.879903,0,1,1
348,0,250,2,9422.567923,0,1,0,22,1,0,47272,0,1,79,17,17,3,2,1,5,0,2,64.546877,0,1,1
349,0,554,3,3605.860265,0,1,1,12,1,0,21585,1,1,92,35,61,0,1,0,1,3,0,441.6,0,1,1
350,0,399,1,7762.590564,0,2,1,4,0,0,23827,0,1,106,18,77,2,3,1,5,0,0,37.910623,0,1,1
351,0,365,0,23444.90045,0,0,1,31,1,0,69906,2,1,74,34,32,2,2,0,2,1,1,202.860399,0,1,1
352,0,362,1,2558.178159,0,0,3,12,4,0,0,1,2,72,7,77,0,1,0,2,0,2,345.6,0,2,2
353,2,181,4,5123.170887,0,0,4,19,1,0,89879,0,1,63,17,20,0,3,1,5,1,3,94.030308,5,1,1
354,0,487,4,2537.744494,0,0,3,50,4,0,0,1,1,69,9,89,0,1,1,5,3,1,331.2,0,0,0
355,1,509,1,2969.593296,0,0,3,0,1,1,46131,1,1,74,27,28,0,1,1,5,1,1,355.2,5,2,2
356,0,47,3,4363.124641,0,0,4,37,1,0,54514,2,0,109,5,36,3,1,1,4,1,1,286.234931,3,1,1
357,0,218,1,5884.308607,0,2,3,32,4,0,0,1,2,161,29,1,0,1,1,5,0,0,1159.2,3,1,1
358,0,232,2,5272.191556,0,0,1,13,1,0,96668,1,2,66,2,95,0,3,1,4,0,0,316.8,0,1,1
359,1,256,1,5509.895664,0,0,2,30,1,1,78879,1,1,69,9,67,1,4,1,5,3,2,466.570791,0,2,2
360,1,297,2,16313.68349,0,0,1,40,4,1,0,1,2,69,21,86,0,2,1,3,2,2,331.2,0,1,1
361,0,359,0,5678.050167,1,1,0,24,4,0,0,1,1,76,8,44,0,3,1,3,1,0,364.8,0,2,2
362,0,398,1,12101.20884,0,0,0,7,4,0,0,1,2,112,28,30,0,2,1,4,1,0,1252.406235,4,0,0
363,3,106,3,2453.570794,1,0,0,17,2,1,29735,1,2,69,3,92,0,1,1,4,0,0,331.2,0,1,1
364,2,217,1,5075.66267,0,0,3,50,2,1,23082,1,1,65,18,90,0,7,2,8,0,1,312.0,0,0,0
365,4,397,0,3214.979402,0,1,0,7,1,1,53984,1,0,80,15,62,0,1,0,1,0,2,421.484456,0,2,2
366,4,28,1,12275.34309,0,2,1,14,1,0,52135,2,2,156,6,86,0,9,1,5,1,2,430.505942,3,2,2
367,0,208,1,2722.210707,1,0,1,3,2,0,17576,1,1,71,29,70,0,1,0,2,1,2,398.502948,0,1,1
368,0,319,3,2457.440923,0,0,0,13,1,0,29486,0,1,62,19,73,0,1,1,5,1,3,7.646763,0,1,1
369,0,55,3,3554.845264,1,1,4,37,1,0,58557,0,1,88,4,83,0,1,0,1,0,1,55.510526,0,0,0
370,3,215,1,4929.549699,1,0,0,31,1,1,25632,1,1,63,27,52,0,7,1,3,1,2,351.270869,5,1,1
371,0,543,1,8036.45034,0,0,3,1,4,0,0,1,2,112,7,42,0,9,1,3,0,1,806.4,4,1,1
372,1,276,0,4276.915328,0,0,0,33,0,1,18768,1,2,68,19,53,3,3,0,2,0,0,647.454583,0,1,1
373,3,30,1,33473.34946,1,0,0,39,1,0,33190,1,0,106,18,95,0,2,1,5,0,3,508.8,3,1,1
374,0,61,3,5960.581363,0,0,4,5,1,0,47945,0,1,74,32,39,0,3,1,5,1,1,128.43823,5,1,1
375,2,59,0,44795.46942,0,1,1,7,1,1,58778,0,1,126,6,62,0,2,2,8,0,0,302.033971,3,2,2
376,0,560,1,3832.118106,0,0,3,44,0,0,15192,1,1,100,1,7,0,1,1,4,3,3,480.0,3,1,1
377,0,117,1,6837.932624,0,2,0,29,1,0,51859,1,1,171,0,21,0,1,1,4,3,1,1003.160633,3,1,1
378,0,308,2,5285.26816,0,0,3,53,3,0,23422,1,2,72,25,76,0,3,1,5,1,0,518.4,5,1,1
379,3,394,1,3096.511217,1,1,1,42,1,0,21604,1,0,79,14,28,0,1,0,2,0,1,379.2,0,1,1
380,1,148,0,3589.710715,0,1,1,8,1,1,79298,2,1,90,22,2,0,1,1,3,1,2,244.362072,0,1,1
381,0,475,0,2582.408525,1,0,0,44,1,0,76731,2,1,64,2,68,0,1,2,8,1,0,201.455005,0,1,1
382,0,262,4,2487.729726,0,0,1,3,1,0,67282,1,1,62,29,27,0,1,1,4,1,3,297.6,5,1,1
383,2,21,0,13575.67599,0,0,1,28,1,0,48534,1,1,115,29,79,1,2,1,5,3,2,552.0,3,2,2
384,2,565,4,4685.504251,0,2,2,8,1,1,77678,1,1,116,32,81,0,1,1,4,0,2,741.418485,5,2,2
385,0,220,3,28685.82785,0,0,1,54,1,0,48412,1,2,104,15,23,0,2,1,5,2,0,707.430832,3,1,1
386,0,377,4,2764.032126,0,0,3,37,1,0,33837,2,1,72,29,54,4,1,0,1,0,1,305.575785,5,1,1
387,2,101,3,6183.111464,0,1,0,43,0,1,23712,2,2,85,2,20,0,3,1,4,0,1,376.126419,0,1,1
388,3,212,1,3873.647046,1,0,1,25,3,1,28142,1,1,105,18,50,0,1,1,5,1,0,701.708239,4,1,1
389,0,29,1,18929.3306,0,0,4,9,1,0,72196,0,2,68,8,61,0,2,1,4,1,1,152.184244,0,1,1
390,1,279,1,5553.295758,0,0,4,12,1,1,68197,2,1,69,1,81,0,3,1,3,1,1,176.819414,0,1,1
391,1,206,1,5011.259184,0,0,0,57,1,1,75248,0,1,63,13,71,0,5,0,2,1,0,104.454624,0,0,0
392,0,12,1,10442.44633,0,1,1,14,4,0,0,1,2,98,9,50,0,2,1,3,0,0,941.718054,0,2,2
393,2,321,2,2199.61781,0,0,0,10,4,1,0,1,2,65,5,19,1,1,1,4,0,0,468.0,5,1,1
394,4,369,4,8709.845263,0,2,0,5,1,0,41546,0,0,111,4,47,0,3,0,0,0,2,121.306839,0,1,1
395,2,492,3,7484.310483,0,1,3,25,1,1,46998,1,0,96,13,98,0,6,0,2,2,0,460.8,0,1,1
396,1,580,3,2613.023132,0,0,0,53,1,1,57099,0,2,67,20,37,0,1,1,4,2,0,67.859881,5,2,2
397,0,324,0,9080.639651,0,0,0,31,1,0,33897,2,1,114,15,67,0,8,0,2,0,0,539.843003,3,2,2
398,0,370,2,13770.97618,1,2,3,1,1,0,59207,1,2,116,23,21,0,2,1,3,0,0,556.8,0,1,1
399,1,184,3,2876.822941,0,0,3,44,1,1,40171,1,0,73,8,78,0,1,1,5,3,0,350.4,0,1,1
400,3,529,4,5548.031892,1,0,0,18,1,1,67798,1,0,69,1,78,0,9,1,5,0,0,331.2,0,1,1
401,4,577,4,5097.526248,0,1,0,29,2,0,21665,1,0,136,0,25,0,1,0,1,0,1,765.709629,3,1,1
402,2,5,3,24143.87556,0,1,1,22,4,1,0,1,2,87,9,75,0,2,2,6,0,3,626.4,0,1,1
403,0,334,0,3538.059456,0,0,1,20,4,0,0,1,2,67,12,67,5,7,1,4,3,2,321.6,0,1,1
404,4,78,2,29091.23936,0,1,0,48,1,0,34226,0,1,244,29,22,0,2,1,5,0,0,494.395024,2,2,2
405,0,235,1,19834.20115,0,1,3,10,1,0,65989,0,1,123,4,43,1,2,1,5,2,2,115.545086,3,1,1
406,1,451,3,4731.366975,0,0,3,19,1,1,30686,0,2,61,22,45,0,3,0,2,1,3,19.938981,0,1,1
407,0,144,1,35537.846,0,0,4,11,4,0,0,1,1,113,15,6,0,2,1,5,0,2,799.926741,4,0,0
408,0,161,0,34611.37896,1,0,3,19,1,0,20090,1,1,109,10,59,0,2,1,3,1,0,523.2,4,1,1
409,2,82,1,20216.30883,0,0,3,29,4,1,0,1,1,183,6,16,0,2,1,3,2,0,878.4,2,0,0
410,2,504,3,13976.51925,0,2,1,31,1,1,77094,2,1,176,25,29,0,5,1,5,2,2,444.470676,3,1,1
411,0,149,1,5904.088162,0,0,1,20,1,0,97413,2,1,73,21,80,0,6,1,5,0,0,268.819985,0,1,1
412,0,431,3,5595.835041,0,0,4,27,1,0,79189,1,1,69,6,97,0,4,0,1,3,1,331.2,0,1,1
413,0,476,1,2294.303629,0,0,3,17,4,0,0,1,0,62,5,31,0,1,1,5,2,1,297.6,5,1,1
414,0,310,0,6273.911874,1,1,1,46,3,0,18577,1,0,86,21,76,0,6,1,4,0,1,412.8,0,1,1
415,0,575,3,3726.727996,0,0,1,56,4,0,0,1,2,112,7,34,1,1,2,6,0,0,806.4,4,1,1
416,1,495,4,5285.118669,0,0,0,29,1,1,40783,1,1,67,13,43,1,9,1,3,0,2,321.6,0,1,1
417,2,167,3,5110.680779,0,0,0,33,4,1,0,1,2,74,34,51,0,4,0,1,0,2,532.8,0,1,1
418,2,97,2,7126.596501,0,0,1,5,2,1,17483,1,1,183,24,63,0,1,1,3,1,3,1317.6,1,0,0
419,1,414,3,4601.634099,0,0,4,32,1,1,84394,1,1,114,9,38,0,1,1,5,3,0,691.412378,3,1,1
420,2,329,3,9155.239699,0,1,1,7,4,1,0,1,1,127,3,93,0,3,1,4,1,0,804.811859,4,1,1
421,0,434,3,14808.05624,0,0,1,52,1,0,41440,1,1,62,20,80,1,2,1,5,2,0,297.6,0,2,2
422,2,224,0,8901.678357,0,1,3,24,4,1,0,1,2,136,14,69,1,8,1,5,0,0,1090.86434,4,2,2
423,0,386,3,5734.598243,0,0,1,8,1,0,98132,0,1,71,10,61,0,3,1,4,2,1,50.587035,5,1,1
424,0,395,3,4177.696973,0,2,3,5,4,0,0,1,1,112,4,49,0,1,1,4,2,0,537.6,0,1,1
425,4,258,1,27776.28906,0,1,0,23,1,1,88220,0,1,230,28,63,0,2,1,5,0,2,151.528482,1,2,2
426,0,489,0,10364.34749,0,1,4,16,1,0,58327,2,1,129,31,5,0,3,1,5,1,1,347.075948,3,1,1
427,1,163,3,7851.901368,0,0,4,5,1,1,25950,2,1,66,27,1,0,2,1,3,3,0,271.697529,5,1,1
428,3,409,3,4772.943848,1,1,3,48,3,1,20993,1,0,133,35,90,0,1,0,2,1,0,638.4,3,1,1
429,2,86,3,14226.50485,0,2,3,14,1,1,65726,1,1,177,35,90,0,7,0,0,0,0,849.6,3,1,1
430,1,91,4,4031.104947,0,0,1,13,4,1,0,1,1,63,35,59,3,3,1,4,1,2,639.45899,5,0,0
431,0,469,4,2794.907476,0,0,1,27,1,0,39783,1,2,72,28,43,0,1,1,3,0,1,345.6,5,1,1
432,3,69,1,4362.931238,1,2,1,4,1,1,58842,1,1,110,6,74,0,1,1,3,1,1,528.0,0,1,1
433,0,209,3,9624.524417,0,1,4,25,1,0,25629,1,2,124,3,70,2,6,0,2,1,0,595.2,4,1,1
434,3,229,4,5015.009472,1,1,0,5,1,0,48567,1,2,130,12,15,0,1,0,1,1,0,624.0,3,1,1
435,2,444,1,6948.422239,0,0,2,13,4,1,0,1,1,196,0,73,2,1,1,5,0,1,1337.063487,2,0,0
436,0,53,4,2896.918767,0,0,1,17,1,0,33746,1,0,74,1,6,1,1,1,5,0,0,355.2,5,1,1
437,0,367,3,21903.91364,0,1,0,56,1,0,22254,0,1,79,22,75,0,2,1,3,2,2,125.194389,0,0,0
438,1,140,2,9028.821403,0,0,3,44,1,1,65974,0,1,113,3,43,0,3,1,5,2,0,235.220971,4,1,1
439,0,501,3,5303.759534,0,1,1,2,4,0,0,1,2,76,18,63,0,3,1,5,1,0,395.34111,0,0,0
440,1,590,4,4165.354461,0,2,1,4,2,1,17161,1,1,113,1,22,1,1,0,0,0,2,542.4,0,2,2
441,1,197,2,5123.768112,0,0,3,57,4,1,0,1,2,74,1,62,0,7,1,3,0,0,772.798511,5,1,1
442,2,74,3,9492.342964,0,1,1,20,4,1,0,1,1,132,9,85,0,6,1,5,1,0,633.6,3,1,1
443,0,361,3,8204.863191,0,0,3,2,4,0,0,1,1,73,9,14,0,2,1,4,0,0,350.4,0,1,1
444,0,282,0,9877.295699,0,1,1,36,1,0,67752,0,2,131,4,40,4,9,1,4,0,3,168.517149,4,2,2
445,0,557,1,4815.009736,0,0,0,21,0,0,25398,1,0,64,30,80,0,6,0,2,1,0,307.2,0,1,1
446,2,134,1,6277.011679,0,1,3,48,4,1,0,1,2,88,30,19,0,4,1,5,0,3,633.6,0,1,1
447,1,556,1,8260.639809,0,0,3,2,1,1,33321,1,1,105,6,2,0,3,2,6,1,1,504.0,3,1,1
448,2,301,2,2549.450038,0,1,0,25,4,1,0,1,2,78,13,32,0,1,0,2,1,3,845.654042,0,2,2
449,2,479,4,4502.679656,0,0,0,32,1,1,68798,0,2,114,19,69,0,1,1,4,1,2,92.915251,3,1,1
450,0,512,3,3803.921781,0,0,0,31,2,0,20325,1,1,100,4,6,0,1,1,5,0,1,668.29397,4,1,1
451,2,113,3,8635.4035,0,0,0,45,2,1,13129,1,1,117,15,93,0,6,1,5,0,3,700.901632,3,1,1
452,0,374,3,5510.558964,0,0,3,12,4,0,0,1,2,73,24,57,0,4,1,5,0,1,525.6,0,0,0
453,2,302,2,3585.884123,0,1,4,37,1,1,49080,0,2,91,14,68,0,1,0,1,0,0,25.299,0,2,2
454,2,293,2,4889.25278,0,0,1,50,1,1,42536,1,0,63,30,57,0,6,1,3,1,1,375.330097,0,1,1
455,3,191,3,2756.941661,0,0,0,23,2,1,29926,1,0,74,25,34,0,1,0,0,0,1,418.233667,0,1,1
456,1,112,2,3289.547398,0,1,2,29,4,1,0,2,1,86,5,55,0,1,0,2,1,0,398.240791,5,1,1
457,0,455,1,10937.1785,0,1,0,14,1,0,21450,1,1,138,15,35,0,4,1,4,0,1,938.513425,4,1,1
458,1,317,1,7375.567916,0,0,3,17,1,1,33345,1,2,65,32,52,0,2,0,0,0,0,338.619869,0,1,1
459,0,422,1,10110.77818,0,1,0,46,2,0,15752,2,1,90,27,37,0,2,0,2,0,1,339.344531,5,0,0
460,0,198,3,5119.414293,0,0,3,37,1,0,40169,2,0,65,1,47,1,3,1,5,0,2,302.818833,0,1,1
461,0,525,1,8533.832013,0,0,1,58,0,0,26049,1,1,113,10,15,1,9,1,3,0,3,619.165344,3,1,1
462,2,216,2,2224.768,0,0,1,27,4,1,0,1,2,68,3,4,0,1,1,5,1,3,326.4,0,1,1
463,1,402,0,8042.803784,0,0,2,8,1,1,55411,2,1,100,24,53,0,4,1,4,1,3,259.561195,4,1,1
464,1,357,3,2554.437138,0,0,1,26,2,1,12459,1,1,70,4,41,0,1,1,4,1,1,336.0,0,2,2
465,1,379,3,18073.93999,0,1,0,29,1,1,64620,1,1,76,24,32,1,2,1,4,0,0,364.8,5,2,2
466,1,530,1,2430.506586,0,0,0,19,1,1,83140,2,1,61,25,70,0,1,0,2,3,0,179.161843,0,1,1
467,0,13,3,3167.658442,0,1,0,24,4,0,0,1,2,92,20,50,0,1,0,0,3,3,662.4,0,1,1
468,0,237,0,5465.603983,0,0,0,36,1,0,54422,0,1,68,9,8,0,5,0,2,0,1,75.501852,0,1,1
469,1,581,1,10357.51422,0,1,1,46,1,1,68309,0,0,131,4,67,0,9,0,2,0,3,306.983596,3,2,2
470,2,93,1,2537.813878,0,0,3,41,1,1,56621,0,1,65,27,36,2,1,1,4,1,1,84.026848,0,1,1
471,0,96,0,2821.947219,0,0,1,10,1,0,38977,0,1,70,27,22,0,1,2,7,0,0,139.489926,0,1,1
472,1,156,0,7757.128146,0,2,0,28,4,1,0,1,0,111,32,13,0,3,0,1,0,1,607.4459,5,1,1
473,1,364,0,4079.132667,0,2,3,48,4,1,0,1,1,114,12,43,0,1,0,1,3,1,631.124372,5,1,1
474,0,270,0,5955.544552,0,1,1,13,4,0,0,1,2,83,35,87,0,8,1,5,0,0,628.023494,0,1,1
475,0,306,3,14158.61364,0,0,0,56,1,0,83235,1,1,70,16,33,0,2,1,5,1,0,336.0,5,1,1
476,2,242,2,8487.238032,0,0,1,8,4,1,0,1,1,74,7,93,0,2,1,4,0,0,426.655599,5,1,1
477,1,205,0,6285.476868,0,1,1,38,1,1,32390,0,1,80,20,36,0,8,1,5,0,2,91.417923,0,1,1
478,0,366,3,11473.48149,0,1,3,41,1,0,66538,2,1,95,14,64,0,2,1,5,1,0,317.844812,5,1,1
479,0,375,4,2310.882998,0,0,0,0,4,0,0,1,2,64,12,24,0,1,1,5,1,0,460.8,0,1,1
480,3,272,3,23594.6802,1,0,0,36,1,1,76358,0,1,66,25,3,0,2,1,3,2,0,86.461582,0,1,1
481,0,578,4,2514.59196,1,0,3,44,1,0,43860,0,2,65,15,58,0,1,1,5,1,0,156.124914,0,1,1
482,0,552,0,5380.898636,1,0,1,54,1,0,55350,1,1,67,0,13,0,9,1,4,0,0,321.6,0,1,1
483,3,551,1,4770.550911,1,0,1,1,2,0,12964,1,2,65,2,37,0,4,1,3,0,3,362.774545,5,1,1
484,0,8,0,6756.651404,0,1,4,10,1,0,33288,2,1,86,1,27,2,9,1,5,0,1,221.856184,0,1,1
485,0,528,0,5936.011773,0,1,1,32,4,0,0,1,2,84,31,25,0,3,1,5,2,2,980.169081,0,1,1
486,0,136,0,3570.760509,0,1,0,12,1,0,56168,1,1,88,13,20,0,1,1,3,0,1,614.675906,0,2,2
487,2,341,1,6019.960469,0,1,1,36,4,1,0,1,2,92,3,28,0,4,1,5,0,0,662.4,0,1,1
488,1,517,3,5426.863953,0,0,3,55,1,1,23105,1,1,69,15,21,0,3,1,5,1,0,331.2,5,2,2
489,0,252,3,2730.313804,0,0,4,4,1,0,36218,0,1,68,6,83,0,1,1,3,2,1,145.252168,0,0,0
490,0,442,1,4982.681374,0,0,3,57,1,0,52275,1,1,62,6,88,0,5,0,2,2,1,374.240783,0,1,1
491,0,358,3,8769.266756,0,0,1,24,1,0,49665,1,2,74,5,51,0,2,1,5,2,3,355.2,0,0,0
492,2,67,2,4220.613534,0,2,3,36,1,1,32471,1,2,110,0,87,0,1,1,4,1,0,528.0,5,1,1
493,2,426,0,11537.50507,0,1,3,26,4,1,0,1,2,86,12,89,1,2,0,0,0,0,619.2,5,1,1
494,0,52,1,5887.182043,0,0,4,44,1,0,62773,0,1,73,19,57,0,9,1,5,3,1,80.669257,0,1,1
495,0,486,1,4700.583771,0,0,1,48,1,0,76694,1,1,117,34,23,0,1,1,3,3,0,561.6,3,1,1
496,3,210,3,10963.95723,1,2,3,15,1,1,55687,1,0,276,33,91,0,1,1,5,0,0,1324.8,2,1,1
497,0,234,0,2523.171245,0,0,3,35,4,0,0,1,2,70,20,81,0,1,1,3,0,1,504.0,0,2,2
498,2,24,2,3757.804716,0,1,2,33,1,1,36633,1,2,96,20,61,1,1,1,4,1,2,460.8,0,1,1
499,2,483,3,12941.73353,0,0,3,29,1,1,77060,2,1,106,23,90,0,2,1,4,0,1,468.566133,3,1,1
500,0,536,2,3764.465074,0,1,0,47,1,0,92600,1,2,94,9,48,0,1,0,1,2,3,842.43785,5,2,2
501,2,327,1,6889.557028,0,0,3,7,4,1,0,1,2,66,2,75,0,2,1,5,0,1,475.2,0,2,2
502,2,349,2,3623.454198,0,0,1,25,4,1,0,1,2,111,6,24,2,1,0,1,0,0,1171.93117,3,1,1
503,3,401,0,7582.113842,1,0,1,5,1,1,64801,2,1,64,23,19,0,2,1,5,1,3,268.471802,0,1,1
504,0,582,3,8277.74558,0,2,1,11,1,0,45257,1,1,103,33,90,0,4,0,0,2,2,494.4,5,1,1
505,2,304,1,2576.455597,0,0,3,27,2,1,26854,1,1,66,31,70,0,1,1,5,0,0,475.2,0,2,2
506,0,228,3,8205.387936,0,0,1,52,1,0,85840,0,1,102,14,79,2,4,0,2,1,0,138.722385,3,1,1
507,0,336,3,19582.46887,0,0,2,34,2,0,26463,1,1,72,28,93,0,2,0,1,0,1,345.6,0,1,1
508,0,430,2,6481.526576,0,1,0,18,1,0,30689,1,1,81,23,51,0,5,1,4,3,1,467.24802,0,1,1
509,1,65,3,2599.310879,0,0,3,43,1,1,29590,1,1,66,17,18,0,1,0,2,1,0,467.503236,5,2,2
510,4,111,3,9830.337629,0,2,1,38,1,0,25965,1,0,253,15,59,0,1,1,3,1,0,1214.4,2,1,1
511,1,49,3,10442.65139,0,1,0,31,2,1,17269,1,1,139,3,31,0,5,1,3,0,1,667.2,3,2,2
512,2,150,3,36057.53702,0,1,1,13,1,1,90330,0,2,137,0,86,3,2,0,2,0,2,192.085299,4,1,1
513,0,42,1,8470.036773,0,0,3,12,4,0,0,1,1,113,34,5,0,8,0,1,0,2,619.973889,3,1,1
514,0,396,1,8278.786492,0,2,3,23,4,0,0,1,1,110,20,66,0,7,1,5,0,0,1002.782553,0,1,1
515,0,539,1,4788.932598,0,0,3,52,4,0,0,1,1,67,2,49,1,3,1,4,1,3,321.6,5,1,1
516,0,558,0,3087.999917,0,1,0,21,0,0,18558,1,1,80,17,23,0,1,2,6,0,0,384.0,0,1,1
517,4,415,0,4443.736209,0,2,0,0,1,1,46384,0,1,113,33,93,0,1,0,0,1,3,251.774574,0,1,1
518,0,588,3,7984.086473,0,0,3,38,4,0,0,1,2,72,1,77,0,2,1,5,1,2,866.208321,5,0,0
519,0,120,3,7180.971028,0,0,1,16,1,0,42303,1,1,180,24,66,0,1,1,4,1,0,1210.920949,2,1,1
520,0,64,1,15656.03434,0,1,0,3,1,0,71731,2,2,130,12,50,0,2,0,1,0,1,599.648466,3,1,1
521,1,555,3,5780.182197,1,0,3,56,1,1,51066,1,2,74,23,0,0,8,0,2,1,2,787.993313,0,1,1
522,2,591,1,20714.94043,0,1,1,1,4,1,0,1,2,203,20,66,0,2,0,0,0,1,2027.724442,1,2,2
523,0,142,2,5337.352409,0,1,0,44,4,0,0,1,2,86,19,93,3,5,1,5,0,0,619.2,0,2,2
524,1,253,0,5050.826183,0,0,1,55,4,1,0,0,1,69,16,45,0,6,1,3,2,0,72.852047,5,1,1
525,0,461,0,5116.624022,0,0,3,47,1,0,26173,1,2,68,2,10,1,9,0,0,1,3,449.819671,0,1,1
526,1,40,3,7268.736958,0,0,0,15,1,1,24445,1,2,63,18,15,0,2,1,5,0,0,302.4,5,1,1
527,3,186,3,2616.613903,1,0,1,55,1,1,72302,1,0,66,6,27,0,1,1,5,0,0,316.8,5,1,1
528,2,269,3,3738.436222,0,0,3,40,3,1,27208,1,2,102,10,65,0,1,1,4,0,3,489.6,3,1,1
529,0,62,1,2725.356404,1,0,4,4,1,0,36650,0,1,69,2,70,1,1,2,7,1,3,56.60333,0,0,0
530,1,424,0,5453.861203,0,0,1,6,1,1,30855,2,1,68,7,15,0,7,0,2,1,3,259.060862,0,1,1
531,3,385,0,6846.150323,1,1,0,32,4,0,0,1,0,95,13,20,0,5,1,5,0,2,456.0,5,0,0
532,2,225,3,6172.914199,0,1,4,32,1,1,99960,1,1,76,19,83,0,4,0,2,0,0,364.8,0,2,2
533,0,36,0,10346.32454,0,1,0,43,4,0,0,1,2,98,1,15,0,2,1,5,0,0,470.4,0,0,0
534,0,500,2,6997.008618,0,1,0,14,1,0,55873,2,1,88,30,19,0,6,1,4,1,0,299.356083,0,2,2
535,0,503,0,4196.257691,0,2,3,56,2,0,18052,1,0,111,5,71,0,1,1,3,2,3,699.1679,0,1,1
536,0,440,3,7858.109763,0,0,3,1,1,0,28937,0,0,104,28,23,2,6,1,5,0,2,117.959654,3,1,1
537,0,146,3,6064.343994,0,1,3,21,4,0,0,1,2,86,34,80,0,5,1,5,0,2,545.240341,0,1,1
538,3,326,1,17497.52201,1,0,1,58,4,1,0,1,0,73,9,94,0,2,1,4,0,0,350.4,5,1,1
539,1,263,3,8970.647312,0,0,2,11,2,1,12829,2,1,118,33,1,0,9,1,3,1,2,328.231432,3,1,1
540,2,222,3,5923.117229,0,0,4,3,1,0,92163,0,1,73,3,79,0,6,1,5,2,3,66.568642,5,1,1
541,2,15,3,35850.59935,0,0,3,10,0,1,17588,1,2,192,24,92,0,2,1,3,0,3,1382.4,1,1,1
542,0,164,4,4331.460674,0,0,3,40,1,0,82302,1,1,106,11,92,0,1,1,4,0,1,722.178166,3,1,1
543,1,292,0,13309.33517,0,1,1,18,4,1,0,1,0,127,19,40,0,2,1,5,0,2,609.6,3,1,1
544,2,188,1,4528.50489,0,2,3,55,1,1,70340,1,1,113,5,56,0,1,2,7,0,0,542.4,0,2,2
545,0,14,3,2791.906514,0,0,3,11,4,0,0,1,2,74,35,59,0,1,1,3,0,0,532.8,0,2,2
546,3,172,4,8092.87696,1,0,1,9,1,1,50825,2,1,102,3,46,0,3,1,4,0,0,369.614729,3,1,1
547,2,350,0,7996.00748,0,1,1,24,1,1,93459,1,1,99,9,85,0,5,1,5,1,3,655.41333,0,1,1
548,1,238,0,5129.738992,0,0,0,30,1,1,86148,1,1,65,19,51,2,4,1,5,3,0,312.0,0,2,2
549,0,201,1,5697.175238,0,0,0,22,1,0,27048,1,1,72,5,85,0,4,0,2,2,0,345.6,0,1,1
550,0,291,3,9217.130629,0,0,1,57,1,0,73259,1,1,115,7,31,0,4,1,4,3,3,673.34265,3,1,1
551,3,244,3,10208.92761,1,1,1,44,1,0,35482,1,1,129,21,59,0,3,0,1,0,1,619.2,3,1,1
552,0,152,3,4170.687348,1,0,4,22,1,0,29462,1,2,107,28,23,1,1,1,5,1,1,513.6,3,0,0
553,0,241,3,4505.405812,0,0,1,45,1,0,67801,0,0,115,12,45,1,1,1,5,2,3,23.810491,3,1,1
554,2,283,1,3107.568648,0,1,3,24,4,1,0,1,1,94,34,59,4,1,1,5,0,1,451.2,5,1,1
555,2,231,0,5528.664986,0,0,3,13,2,1,16042,1,1,73,33,58,0,9,1,5,0,0,350.4,5,1,1
556,2,173,1,5045.866663,0,0,3,32,1,1,28056,1,1,64,32,41,1,8,1,5,0,1,307.2,0,1,1
557,1,343,1,2962.722482,0,1,3,16,2,1,16495,1,1,85,25,75,3,1,0,1,0,1,408.0,0,1,1
558,0,505,1,8665.956372,0,0,4,15,1,0,41163,0,1,108,11,66,0,3,0,1,0,1,231.922173,3,2,2
559,4,417,0,11413.44115,0,2,1,11,4,0,0,1,1,161,3,71,1,9,1,5,0,1,772.8,4,2,2
560,1,284,1,15488.43196,0,0,0,8,1,1,33799,1,2,109,28,52,3,2,0,2,1,0,664.980242,3,2,2
561,0,368,4,6048.574243,0,0,1,0,4,0,0,1,1,61,17,71,3,2,0,0,2,0,292.8,0,1,1
562,4,429,3,5934.741492,0,2,0,58,1,0,87747,0,0,147,3,87,1,1,1,4,1,0,46.492039,3,2,2
563,1,408,2,3543.232138,0,1,1,17,1,1,35695,1,1,90,2,7,0,1,1,4,3,1,432.0,0,1,1
564,2,127,1,3490.028304,0,1,4,32,1,1,90985,0,0,87,33,39,0,1,1,4,0,1,78.085149,0,1,1
565,0,541,1,3683.099864,0,0,1,10,4,0,0,1,1,101,19,16,0,1,0,1,3,2,564.466556,4,1,1
566,3,585,1,5989.773931,1,2,1,24,1,1,66839,1,2,154,33,24,0,1,1,5,1,1,739.2,4,1,1
567,0,519,1,12500.84302,0,2,3,20,4,0,0,1,1,165,16,43,0,3,1,5,2,2,792.0,3,1,1
568,3,498,3,8609.158215,1,0,0,19,1,0,79090,2,1,107,2,74,0,3,0,2,1,1,289.040734,3,1,1
569,1,441,3,2497.45507,0,0,0,42,1,1,24825,0,1,64,34,44,0,1,1,5,1,1,155.938593,5,1,1
570,3,491,1,7019.177186,1,0,1,28,3,1,26806,1,1,63,32,19,0,2,1,4,0,0,302.4,0,1,1
571,0,516,3,5387.926265,0,0,1,26,1,0,56835,1,1,67,25,16,0,3,1,5,0,1,326.549425,5,2,2
572,0,204,3,6165.557517,0,1,0,29,4,0,0,1,2,88,12,54,0,6,2,7,2,3,653.65668,5,2,2
573,2,246,1,2730.20294,0,0,0,55,1,1,46135,0,1,69,12,68,0,1,1,5,0,0,103.935601,0,1,1
574,0,380,0,5162.116944,0,0,0,4,4,0,0,1,2,73,21,87,0,4,1,4,1,1,809.532341,0,2,2
575,0,27,3,7937.064822,0,0,3,1,1,0,22862,1,1,67,9,40,0,2,1,5,1,0,321.6,5,1,1
576,0,347,3,8608.157233,0,0,3,7,1,0,21450,1,0,110,8,80,2,3,1,3,0,2,528.0,4,2,2
577,1,435,3,2632.545795,0,0,0,27,1,1,95854,1,1,65,16,78,0,1,1,5,1,0,312.0,5,2,2
578,0,105,3,7785.004214,0,1,0,49,1,0,44897,1,1,99,22,46,1,7,1,3,3,3,580.72531,0,2,2
579,0,333,4,8255.76385,0,0,3,19,1,0,54040,0,1,103,14,88,0,4,1,4,0,0,59.987126,3,1,1
580,0,460,3,4980.825042,0,0,4,38,1,0,53265,2,1,62,12,27,0,3,1,4,1,2,238.005074,0,2,2
581,0,345,0,7457.237794,0,0,3,52,4,0,0,1,1,198,18,55,1,1,1,5,0,1,1577.674417,1,2,2
582,0,392,4,12302.76244,0,0,0,8,1,0,43817,2,1,62,25,12,1,2,1,5,2,1,245.447622,0,1,1
583,0,57,1,6862.508337,0,1,3,57,1,0,54780,0,1,88,22,72,3,5,1,5,0,0,135.26125,0,0,0
584,3,240,2,9048.983447,1,0,3,29,4,1,0,1,1,119,9,8,0,3,1,3,1,3,571.2,4,1,1
585,3,472,1,5548.031892,1,0,0,18,1,1,67798,1,0,69,1,78,0,9,1,3,0,0,331.2,0,1,1
586,2,116,3,8312.681598,0,0,0,4,3,1,21442,1,0,118,32,84,0,3,1,5,1,3,566.4,3,1,1
587,1,130,1,2389.980951,0,0,0,47,1,1,27615,1,1,62,19,18,1,1,1,5,2,2,297.6,0,1,1
588,3,448,1,4458.113369,1,0,0,2,3,1,17622,1,0,65,1,36,1,3,1,5,0,0,312.0,0,1,1
589,2,166,2,5295.741716,0,1,3,55,1,1,50200,2,0,135,23,98,0,1,1,5,0,0,637.063458,4,1,1
590,0,474,0,3839.606117,0,0,2,51,4,0,0,1,0,112,3,51,2,1,1,4,0,0,537.6,3,1,1
591,0,273,1,3731.504584,1,1,3,54,4,0,0,1,1,96,31,34,0,1,1,3,0,0,460.8,0,0,0
